3.6806032e-06,0.9384354,0.020183071,0.028895631,0.0024752517,0.008382589,0.00030068043,0.0013237738
1.01931775e-07,7.328803e-06,0.999137,3.1799505e-06,0.00015345855,0.0006821366,1.4526039e-05,2.3861583e-06
6.785812e-05,0.115974404,0.7439237,0.042591378,0.047954958,0.039447546,0.006337454,0.0037027448
2.9657026e-06,0.98387396,0.0067106434,0.002464362,0.0029335523,0.0030212111,0.00048053343,0.00051278825
8.754958e-07,0.98849607,0.0029045213,0.0027852883,0.001311992,0.004044842,9.910832e-05,0.00035738238
1.4289542e-06,0.96852624,0.0029728885,0.016986893,0.0073793577,0.0026128942,0.00019156693,0.001328715
6.7557985e-06,0.33108082,0.5601168,0.012326534,0.0057605016,0.0864345,0.0014202986,0.0028537582
1.2572024e-05,0.010848792,0.007208235,0.9573853,0.005408528,0.0056032687,0.0002451558,0.013288226
6.2736467e-07,0.9956611,0.000505642,0.0009526589,0.0009616134,0.0014429209,0.00021221733,0.00026325
1.0814545e-06,0.9792423,0.011886895,0.0012338214,0.0029721658,0.0042287735,0.0002583074,0.00017670036
3.1856332e-06,0.8987112,0.015988382,0.010894824,0.060652763,0.01136507,0.00021954125,0.0021649965
4.5833306e-07,0.9841172,0.0026016422,0.00893849,0.0006003508,0.0030324045,6.0640505e-05,0.0006488007
8.9169555e-07,0.98424613,0.004478862,0.0039996654,0.0025570653,0.0039222618,0.00034446042,0.0004506181
1.790448e-08,3.748791e-05,0.9989058,2.3361022e-06,2.8261382e-05,0.0010157544,8.95207e-06,1.4824111e-06
2.830537e-07,0.99477416,0.00056825974,0.0029794537,0.0005416695,0.0008377345,8.227861e-05,0.00021623369
9.760236e-07,0.9709316,0.01997431,0.0008295196,0.0018598431,0.0056737135,0.00013746863,0.00059266755
6.954603e-06,0.11338569,0.01667612,0.8143471,0.0355366,0.009262424,0.00064455334,0.010140519
0.000112097696,0.037941836,0.009543919,0.9297304,0.010522433,0.002821219,0.003701435,0.0056266827
1.7720831e-05,0.9917359,0.0020374798,0.0012204219,0.0020005498,0.0017534834,0.0003724342,0.0008619284
8.8948395e-09,1.1438592e-07,0.99990416,2.0844706e-07,2.3270102e-05,7.0095004e-05,2.0817738e-06,1.4023225e-07
3.1379993e-06,0.0022714823,0.0027112963,0.991926,0.0014375648,0.00064016774,0.00012436922,0.00088601245
1.1745145e-07,5.687023e-06,0.9993787,2.4527415e-06,0.000121973935,0.00047671955,1.1762431e-05,2.4754938e-06
1.1791162e-07,6.5249765e-06,0.9993179,2.5663417e-06,0.00017747174,0.00047765757,1.6124079e-05,1.7052158e-06
1.0067601e-05,0.76475286,0.13485472,0.014869446,0.021682128,0.057432875,0.0024932432,0.0039046118
3.5340202e-06,0.014906463,0.05744736,0.91749877,0.000996676,0.0061175856,0.00032339504,0.0027061193
2.8115883e-09,8.013978e-07,0.99977857,5.731367e-08,2.3302444e-05,0.00019414454,2.9624064e-06,1.3187746e-07
2.1634399e-07,8.519446e-06,0.9981395,4.7215335e-06,0.00063970324,0.0011441313,5.3049167e-05,1.0175342e-05
3.4603436e-06,0.0009783941,0.0005473522,0.99666375,0.00073283643,0.00018815772,0.0001004629,0.00078542175
8.042911e-08,5.4397974e-06,0.99954444,1.2987127e-06,6.3737236e-05,0.00037388928,9.825291e-06,1.2855876e-06
1.8937953e-05,0.9904041,0.0028163632,0.0034408714,0.0007000358,0.0020115543,0.00022982563,0.00037831362
5.0433033e-07,0.9981249,0.00056131114,0.00025093404,0.00044624813,0.00047929594,4.4840675e-05,9.197287e-05
5.918364e-10,1.2681251e-08,0.9999852,8.855929e-09,3.815747e-06,1.0806226e-05,1.7255691e-07,2.6880384e-08
7.896343e-06,0.020440143,0.011666874,0.9524024,0.0074374084,0.003998342,0.0004397581,0.0036072147
5.980786e-10,1.24590915e-08,0.99998283,8.651224e-09,1.6570613e-06,1.5404976e-05,5.7848535e-08,1.4794352e-08
3.766996e-07,0.99135053,0.0022683754,0.0019399715,0.0014040816,0.0026799832,0.00014527907,0.00021150945
2.4313624e-07,0.99754155,0.0006580597,0.0002616892,0.00035205617,0.0010728587,3.6735386e-05,7.684922e-05
3.1800232e-06,0.062090915,0.0074042864,0.9122806,0.007296076,0.005412865,0.0007912916,0.0047208425
1.3950432e-06,0.97617644,0.001443392,0.016184207,0.0020850254,0.0029126946,0.0001957854,0.0010010918
5.0275157e-06,0.23751935,0.5794254,0.089331165,0.029786807,0.058671385,0.00080156646,0.00445925
1.02754675e-05,0.88478804,0.042279154,0.02648427,0.015459545,0.024488643,0.0013193798,0.0051706526
7.3469353e-10,1.2277488e-07,0.99995315,6.1592034e-09,7.976218e-06,3.8342772e-05,4.147586e-07,4.6356476e-08
2.7158992e-10,3.6539e-08,0.99996364,8.618891e-09,2.8357667e-06,3.3216085e-05,2.5240178e-07,1.472417e-08
1.3938795e-06,0.9471076,0.021181881,0.001742996,0.0065385113,0.022586817,0.00036698557,0.00047371548
3.6507888e-07,0.9597722,0.029174032,0.00029686978,0.0017254255,0.008567848,0.00020025816,0.00026294732
1.44072e-07,0.99909246,0.000112608664,0.00021984865,6.57841e-05,0.00045923985,1.8258443e-05,3.1666066e-05
1.1050776e-06,0.99046344,0.0004335097,0.0067593837,0.0007655084,0.0010674131,6.16319e-05,0.00044814116
2.8602558e-06,0.9854388,0.0018594237,0.005563881,0.0032464804,0.0021599478,6.440835e-05,0.001664117
6.253892e-06,0.86549795,0.020060513,0.018114256,0.07964916,0.014377788,0.0004274475,0.001866536
2.4315702e-06,0.9355766,0.02512777,0.011969648,0.0119046215,0.012626411,0.00031691403,0.0024756575
1.0195879e-06,0.98832893,0.0011364616,0.0065767583,0.0015210401,0.0019507433,0.00023329232,0.00025172456
1.0963105e-07,5.690053e-06,0.9992686,3.1193847e-06,0.00018815717,0.00051964226,1.11608515e-05,3.5407922e-06
5.9938584e-06,0.004192499,0.006319114,0.9802593,0.003194506,0.001555566,0.00023236536,0.004240703
4.279347e-06,0.7579193,0.072548695,0.054126315,0.057089344,0.05325846,0.0014931604,0.0035603882
1.4235559e-06,0.9787532,0.00432762,0.0063804737,0.0056092907,0.0040841866,0.0003774241,0.00046645963
1.4574305e-06,0.99701416,0.0006859736,0.00023296915,0.00062881754,0.0011094396,0.00017854376,0.0001485089
1.2408e-06,0.96852005,0.012743491,0.0031636313,0.006652793,0.007917275,0.00045948746,0.0005419779
4.189766e-06,0.9152798,0.011858926,0.0021056784,0.06195853,0.0077839703,0.00021133755,0.00079748104
5.003496e-08,2.4391068e-06,0.99918884,1.3897534e-06,7.7458244e-05,0.00071056164,1.5964668e-05,3.2480434e-06
3.7020197e-07,8.3764644e-05,0.99639434,1.5271547e-05,0.0005734159,0.0028522396,5.106459e-05,2.9483033e-05
3.800942e-06,0.9801031,0.0038471718,0.004006049,0.006663324,0.0036841736,0.00075836986,0.0009341266
2.5010896e-09,8.036271e-08,0.999962,1.47949475e-08,1.043634e-05,2.64103e-05,9.619373e-07,7.794341e-08
2.1810793e-07,1.7297342e-06,0.99896586,1.4619325e-05,0.0007191082,0.00026897917,2.5290252e-05,4.255537e-06
6.7520596e-06,0.9944522,0.0020936595,0.00049057277,0.0015014246,0.0009939624,0.00016385378,0.00029767584
2.1105552e-07,0.00012076996,0.9839395,0.0094902385,0.0012937711,0.004958491,6.784635e-05,0.00012912972
2.97004e-08,1.2775677e-06,0.99963796,1.1873664e-06,0.00015019241,0.00020310956,5.3889835e-06,8.0657446e-07
3.8334424e-06,0.95067245,0.025027134,0.0020793336,0.0046427078,0.015483555,0.0014997617,0.0005912654
3.9981544e-05,0.9564257,0.018010257,0.0063417978,0.009429537,0.0055440264,0.0017168171,0.0024919559
2.0720536e-07,0.99721485,0.00021968108,0.00014608176,0.00077175716,0.0015329698,3.5844412e-05,7.875704e-05
7.055645e-07,0.99031866,0.0019865667,0.0011512261,0.0041798474,0.001784087,0.00012397874,0.00045500987
1.32373525e-05,0.94896644,0.0096814,0.011875975,0.014795381,0.011771099,0.000923932,0.0019726742
2.8117581e-06,0.92375356,0.027732382,0.013271089,0.017357633,0.01417789,0.00091247394,0.0027921807
2.1530625e-05,0.01648253,0.068970256,0.8884405,0.0082947705,0.011231587,0.0006391862,0.005919641
3.2368956e-05,0.76030695,0.09792761,0.064721994,0.010249178,0.05341755,0.0014954698,0.011848856
4.167739e-06,0.97873265,0.0021134182,0.009708303,0.00455683,0.0035723422,0.00012695997,0.0011853189
3.5693446e-07,0.99095166,0.0054307664,0.00017343608,0.00072465074,0.002360011,0.00023740699,0.00012160258
1.4727223e-06,0.9829927,0.00173998,0.005732608,0.005496113,0.0032322663,0.0001517822,0.0006531113
4.399884e-06,0.9075321,0.037564598,0.019336382,0.01167333,0.020851428,0.0019676776,0.0010700906
4.807331e-06,0.98616207,0.0042850873,0.002593299,0.0025226646,0.003545272,0.00034150766,0.00054533983
4.0871637e-06,0.9432285,0.037688687,0.0014089147,0.0071951956,0.0090903845,0.0005885684,0.0007957386
4.772673e-07,0.99398804,0.00067923375,0.0007711991,0.0025369097,0.0017230202,8.229635e-05,0.00021884372
1.3402085e-06,0.9683303,0.008844404,0.009946941,0.0060687587,0.0050938632,0.00039903895,0.0013152466
3.6371287e-06,0.95842,0.00048253912,0.03489356,0.0013366725,0.0031358527,0.00016839395,0.0015594367
0.00023820513,0.018295115,0.030297006,0.88653773,0.04003919,0.0039850026,0.0046404186,0.01596736
2.4118506e-06,0.98639154,0.0010629751,0.0027617966,0.0065809744,0.0021540138,0.0007098409,0.00033646755
3.2730377e-06,0.96470094,0.0021849105,0.018312367,0.008501695,0.0039121206,0.0008069561,0.0015777457
2.6494958e-05,0.15549439,0.057477996,0.74443,0.019417787,0.013827225,0.0019187002,0.0074074985
3.4907841e-06,0.9804112,0.0033929634,0.008136949,0.0030192495,0.0042726365,9.6530785e-05,0.0006669453
7.0526353e-06,0.8271519,0.01166728,0.12975304,0.018144876,0.00987706,0.0005515799,0.002847257
5.9014235e-07,0.00047365556,0.9889692,0.001930736,0.0019689046,0.0063513336,0.000106040905,0.0001995596
1.708357e-10,3.9017852e-08,0.9999652,1.6395882e-08,2.0411799e-06,3.255843e-05,1.2910475e-07,2.6584681e-08
6.4374217e-07,0.9957561,0.00060573977,0.0007819681,0.00067984423,0.0018674851,8.580778e-05,0.00022233718
5.17487e-10,1.5835072e-07,0.99996316,3.746637e-09,4.159838e-06,3.2206128e-05,2.285181e-07,2.3593996e-08
1.4017527e-06,0.98258,0.007232081,0.0007705793,0.0010152841,0.007963279,0.000118663695,0.00031860618
1.6527774e-05,0.05491136,0.10772799,0.7806741,0.012721173,0.033038408,0.0011743213,0.009736158
2.2694392e-05,0.0059113945,0.66688865,0.27583253,0.013469073,0.030326204,0.0012910755,0.006258404
6.1275628e-06,0.39107284,0.51076984,0.030372776,0.014468413,0.04866879,0.000823708,0.0038175331
1.1815687e-09,1.9130901e-08,0.9999813,9.723979e-09,5.0261665e-06,1.3181756e-05,4.387378e-07,3.949122e-08
3.655925e-05,0.97596276,0.006172284,0.0075908084,0.0041934,0.002237663,0.001777044,0.0020294539
1.640521e-08,6.252571e-07,0.99982065,1.4880108e-07,3.470985e-05,0.00014068621,2.707934e-06,4.6845895e-07
3.4762886e-07,7.678644e-05,0.9973247,1.1052866e-05,0.00045513682,0.00208306,3.6347596e-05,1.256664e-05
1.4555009e-07,6.840953e-05,0.9935235,0.00089907064,0.0012462633,0.00416113,2.7482138e-05,7.403347e-05
6.2628465e-07,0.9953016,0.00043269107,0.0018392624,0.0011016568,0.0009722662,0.00010465205,0.00024726684
2.8138144e-05,0.32278556,0.6565385,0.0010662461,0.0012967596,0.017045617,0.00069663936,0.0005425386
6.7704555e-06,0.22251414,0.66447335,0.06255224,0.009310084,0.037161294,0.001165487,0.0028166175
6.3323023e-06,0.79225653,0.13576385,0.004103201,0.02196472,0.04318409,0.00065395015,0.0020672756
8.7066155e-08,0.99596834,0.0010286676,0.00013212844,0.0004081223,0.0022864752,0.00011069021,6.5551445e-05
2.3794557e-05,0.4359128,0.17648186,0.3275523,0.018152686,0.029532347,0.003944413,0.008399783
4.876472e-10,5.175685e-09,0.9999887,1.6514615e-09,1.2201508e-06,1.0131641e-05,5.6695576e-08,9.768553e-09
9.582558e-09,2.1878922e-07,0.99989736,2.5022044e-07,1.5840586e-05,8.363334e-05,2.164727e-06,5.163367e-07
1.7914903e-06,0.112804756,0.8299057,0.015187357,0.009383565,0.030680578,0.0008942532,0.0011420577
3.869773e-06,0.78276503,0.002386777,0.20619604,0.0020841905,0.0032124168,0.00029460888,0.0030571218
3.1722827e-06,0.033455327,0.008982711,0.944677,0.0057492466,0.0043351427,0.00025295213,0.0025444906
1.345761e-06,0.0014720411,0.002342571,0.9941492,0.0004666516,0.00082649576,6.035831e-05,0.0006812851
6.0218413e-06,0.9272309,0.039071742,0.0015195247,0.011154772,0.01799228,0.0023197378,0.00070497696
6.9520947e-06,0.96916133,0.0056170616,0.009162167,0.0058086934,0.0079707885,0.0002091307,0.0020640008
1.9484252e-09,4.581958e-08,0.99994993,4.1166913e-08,2.0193984e-05,2.898028e-05,7.1083633e-07,8.132546e-08
7.795636e-07,0.001287448,0.0003226632,0.99721897,0.000455568,0.00018035993,2.155802e-05,0.0005127538
7.225306e-06,0.002551136,0.009338862,0.9768231,0.004960574,0.0032938207,0.0002916953,0.0027337335
1.6517754e-09,5.0401532e-08,0.99996316,5.417784e-08,8.703514e-06,2.7625865e-05,3.3850753e-07,4.7077616e-08
1.0165373e-07,8.624337e-06,0.9992398,7.341898e-06,6.981694e-05,0.0006443386,2.8387896e-05,1.6562911e-06
2.2474613e-09,5.64397e-08,0.9999094,3.7595296e-08,7.4868994e-06,8.286322e-05,1.5047615e-07,6.314681e-08
1.6382619e-05,0.51935524,0.05597949,0.0925059,0.3027949,0.019394768,0.00072976644,0.0092235515
1.628296e-08,0.9998234,2.8722887e-05,1.941761e-05,1.4760789e-05,0.000102762955,3.904593e-06,7.098431e-06
9.383489e-05,0.9140039,0.0075898953,0.057938684,0.007986531,0.0067905704,0.0021263745,0.0034702509
3.6291062e-10,1.1700523e-08,0.9999728,7.610916e-09,1.8935146e-06,2.5048503e-05,1.2687693e-07,2.510318e-08
3.6490816e-05,0.57671624,0.04356402,0.20837094,0.1049985,0.025876341,0.0012155703,0.03922188
7.2427966e-09,1.2925807e-07,0.9997969,3.9712393e-07,2.6305603e-05,0.00017526108,6.3463426e-07,4.0555207e-07
0.00034013172,0.14428036,0.00981912,0.80425763,0.025763696,0.004253086,0.00083122577,0.010454812
5.946787e-08,5.4584216e-06,0.99935085,7.434714e-07,8.2442464e-05,0.0005509967,7.350694e-06,2.0122143e-06
0.00022342276,0.040996052,0.031341497,0.86017466,0.02465684,0.013059517,0.013162378,0.016385633
0.00018200088,0.2050055,0.05525045,0.6752716,0.027909525,0.012807548,0.005317126,0.018256195
1.4786505e-05,0.016912699,0.006595831,0.95625365,0.006990638,0.0060347496,0.00033502173,0.006862669
2.4802367e-07,0.99694616,0.00057131576,0.00044943765,0.00035168935,0.0015422201,4.375351e-05,9.511601e-05
4.0912587e-06,0.95105624,0.006981852,0.005609367,0.021394797,0.01286117,0.001333937,0.00075859815
1.5808271e-06,0.97512496,0.004157126,0.0021515526,0.0070202765,0.009739677,0.0005716552,0.0012331766
8.0991595e-06,0.9469461,0.012261464,0.017087305,0.012421235,0.008064465,0.00066056376,0.0025508276
4.9036684e-05,0.009367955,0.008204941,0.9705312,0.005386772,0.0015187308,0.00052918977,0.0044121384
9.2628596e-07,0.9532547,0.0034444614,0.032551553,0.004910078,0.0040556174,0.00019402933,0.001588704
2.612337e-06,0.93516034,0.0244837,0.00437581,0.008208275,0.026753535,0.000348162,0.00066754443
6.9117636e-06,0.37729907,0.012502367,0.569519,0.016757414,0.011333244,0.0010812612,0.011500674
2.500395e-06,0.9759591,0.007815875,0.0046762717,0.004474447,0.0061777555,0.00011379439,0.00078022387
3.7052938e-05,0.25502154,0.025146643,0.65573734,0.04224059,0.010458641,0.0017737991,0.009584367
1.7597405e-06,0.9514108,0.008276893,0.020937664,0.008245879,0.0094153695,0.00070650567,0.0010051583
1.1432936e-06,0.015745137,0.021039257,0.9554208,0.0037855287,0.002043366,0.00012924362,0.0018355863
3.3153367e-05,0.8082068,0.034520898,0.10696472,0.017277848,0.025228284,0.00040618167,0.007362088
8.232721e-06,0.89399487,0.062496234,0.015122217,0.011400499,0.013142025,0.0003574646,0.0034785413
1.8781731e-06,0.9830068,0.003381149,0.004858427,0.001926811,0.005379625,9.878493e-05,0.0013465118
4.7849693e-07,0.008988969,0.00047543863,0.9880689,0.0010189476,0.00020789678,3.0583673e-05,0.0012088155
9.631083e-07,0.9843705,0.0012041285,0.008136473,0.0022981337,0.0029613322,0.00014704696,0.0008813483
2.9184027e-06,0.010454617,0.0077746226,0.9738607,0.0032647944,0.0020317652,0.0001777017,0.0024328493
0.00010077991,0.8741794,0.009416576,0.091803744,0.010999217,0.005382849,0.0029492371,0.005168215
5.4621292e-08,0.99695396,0.00032475078,0.0012958436,0.00038167628,0.0008551769,5.72271e-05,0.00013129805
1.8344242e-08,2.737658e-05,0.9985262,3.455452e-06,0.00016344598,0.0012665022,1.0700098e-05,2.2261174e-06
3.5572955e-07,0.9929584,0.00040649332,0.0020526128,0.001699582,0.0020536906,7.231535e-05,0.00075648463
4.6665647e-07,0.9905752,0.0021178834,0.0020138328,0.002080651,0.0027575514,0.00020099561,0.000253454
2.8344186e-07,0.99407417,0.00086248,0.0013533925,0.0015513925,0.0017955034,9.967634e-05,0.0002630674
2.0830177e-05,0.50251245,0.122621164,0.27243015,0.05340949,0.037556503,0.0010091586,0.0104403095
5.239039e-07,5.771006e-05,0.99619675,0.00032319772,0.00040958638,0.0029053804,6.563173e-05,4.1193714e-05
1.1429589e-05,0.7344173,0.05510657,0.13590501,0.035877734,0.030197192,0.0014751839,0.0070094964
5.9678376e-07,0.9750572,0.017925017,0.0002514253,0.0016383533,0.004774626,0.00027127287,8.1576516e-05
2.2168162e-05,0.97124183,0.0062399246,0.0067666527,0.00450461,0.006364119,0.0033669958,0.0014936595
8.580292e-09,8.611419e-07,0.99960846,3.5545895e-07,0.00012820802,0.000259482,1.931741e-06,7.116264e-07
1.4625298e-08,2.192055e-06,0.9997111,5.4830256e-08,7.529601e-05,0.00020885063,2.2451297e-06,2.4074083e-07
5.59788e-06,0.08513998,0.80227894,0.06176801,0.007972618,0.040399443,0.000819936,0.0016155023
1.1579207e-06,0.994659,0.0022984091,0.0009400346,0.000243656,0.0016181178,0.0001577747,8.178806e-05
2.8850507e-06,0.73027235,0.019714743,0.20686595,0.024655107,0.010967522,0.0011719745,0.006349552
2.7054956e-08,3.5770763e-06,0.9996723,3.6446076e-07,5.373908e-05,0.00025457653,1.45041495e-05,9.690864e-07
3.6470678e-06,0.98799944,0.0014180546,0.0025527282,0.00277911,0.0035618842,0.0009250471,0.00076011213
1.3594557e-05,0.10564761,0.04253444,0.81644166,0.014114731,0.014869534,0.0008749789,0.0055035125
3.2902917e-05,0.7700973,0.049369514,0.11447142,0.030843677,0.024750276,0.0018199991,0.00861491
1.830356e-09,5.971864e-07,0.9998436,5.769482e-08,2.6648751e-05,0.00012822975,7.145893e-07,1.3057584e-07
5.0330837e-06,0.6404655,0.22961096,0.04152564,0.010383638,0.07366909,0.00054645515,0.0037937167
2.4593022e-05,0.76109064,0.040848497,0.15285501,0.022406254,0.015610658,0.0011835955,0.0059807342
3.7262555e-06,0.0018137621,0.0016233762,0.99218583,0.001484617,0.0012339487,0.00014537708,0.0015093293
2.064232e-05,0.011840313,0.014709701,0.9631883,0.004912538,0.0022987253,0.00048267184,0.0025470837
4.3016835e-06,0.794582,0.13861991,0.007944539,0.017314382,0.039555043,0.00045672432,0.0015230823
4.9005754e-05,0.8244999,0.012173807,0.13749337,0.008839811,0.010992309,0.0011091366,0.004842646
8.756519e-06,0.9011579,0.009440992,0.054609872,0.0097700795,0.022559563,0.0005986571,0.0018541678
3.0599788e-06,0.5900968,0.016430033,0.3572365,0.013786171,0.018990709,0.0004319705,0.0030248049
3.9669144e-06,0.93954474,0.0031241057,0.032701015,0.016490474,0.006064947,0.0008454434,0.0012253242
5.740573e-07,0.9657089,0.0015310291,0.029710077,0.0010800156,0.0013147938,5.8632777e-05,0.0005960137
1.1065306e-06,0.98801607,0.004437549,0.0010250942,0.004215322,0.0019116,0.00011900688,0.00027421655
3.8398516e-06,0.98563296,0.0028869314,0.0021078663,0.005652392,0.0026701102,0.0003065025,0.00073946436
4.5611782e-06,0.2504353,0.044321112,0.6589558,0.017258061,0.019754454,0.0011899493,0.008080681
4.589121e-08,0.9997725,2.4796136e-05,4.931493e-05,2.7243957e-05,0.00010861569,6.9640205e-06,1.06901825e-05
4.049813e-06,0.9858115,0.0018193484,0.0065121446,0.0013460438,0.0038870382,0.00014125324,0.00047862687
2.135457e-06,0.9581327,0.004068224,0.023727663,0.005655652,0.0057252967,0.0008633965,0.0018248599
8.077463e-10,1.7302163e-08,0.999985,2.0453483e-09,5.8896253e-06,8.974974e-06,1.5409223e-07,1.6713534e-08
9.202535e-09,1.04297925e-07,0.99991333,1.17438546e-07,2.642345e-05,5.8212838e-05,1.6694862e-06,1.15851165e-07
4.03548e-06,0.9245649,0.046889633,0.0035814792,0.0048291096,0.018532015,0.0008598661,0.00073891185
3.4225045e-06,0.92842996,0.012087065,0.03486743,0.01252575,0.009993739,0.0007580895,0.0013345447
1.8134072e-09,2.5285512e-06,0.9996978,1.8151704e-07,3.7917584e-05,0.00025926897,1.9305837e-06,4.2012584e-07
1.6326119e-06,0.9795416,0.0024836154,0.0074637122,0.0057810536,0.0033176306,0.00025921589,0.0011515054
2.842316e-06,0.98656774,0.0028886914,0.0043679546,0.0025703802,0.0028859873,0.00010993558,0.0006065684
2.0823213e-06,0.98405266,0.009200071,0.0012895275,0.0010016361,0.0038557576,0.00022011912,0.00037809316
1.2093609e-06,0.9702553,0.006691136,0.012865935,0.0031958418,0.006090664,0.0001969749,0.00070300273
1.4737654e-09,6.594627e-08,0.99992204,4.9136553e-08,1.7069913e-05,6.027699e-05,3.3436316e-07,1.4559832e-07
1.7797165e-06,0.998384,0.00030734827,0.00039633704,0.00018560226,0.00046331962,0.00013136957,0.00013015472
1.5075942e-06,0.93999875,0.018763192,0.0107600335,0.01645764,0.012038669,0.00092448987,0.0010556214
4.689413e-05,0.9489993,0.009580462,0.015059289,0.012154037,0.009212796,0.0030129924,0.0019342541
1.1036497e-05,0.60608196,0.07079063,0.18442805,0.06139065,0.06490621,0.0028336276,0.009557804
5.3202493e-05,0.93301904,0.042627376,0.013878257,0.0018073319,0.005625121,0.001630955,0.0013587534
5.1224442e-06,0.9154263,0.007189592,0.054682516,0.00964372,0.008687514,0.0011513986,0.0032137702
3.0588097e-08,5.28676e-07,0.9996904,3.7603144e-07,9.214542e-05,0.00021140165,4.579489e-06,6.997336e-07
7.232091e-05,0.931841,0.038413607,0.004470862,0.012672534,0.007317585,0.0023721447,0.0028398614
2.1461958e-05,0.13486417,0.1353523,0.68755865,0.010443198,0.019265274,0.0011913491,0.011303668
1.2688897e-06,0.98344964,0.003730508,0.002752482,0.0028131665,0.006278113,0.0001661279,0.00080867467
2.1038042e-07,4.3325927e-05,0.99596196,0.00024384564,0.00080099824,0.0028762687,4.425623e-05,2.9169792e-05
2.7202054e-06,0.95908487,0.009789959,0.005088119,0.012666357,0.011703962,0.00026343975,0.0014006306
6.4646824e-06,0.8890937,0.071850695,0.0065993336,0.007060342,0.023173584,0.001038937,0.001176877
2.0351449e-07,0.9979881,0.00034784304,0.0004925481,0.00042604705,0.0006463574,3.9924027e-05,5.902601e-05
2.1227233e-06,0.98279774,0.0065859263,0.0021295832,0.0045731105,0.0026692634,0.00089237985,0.0003500193
2.2630176e-05,0.93648785,0.01173366,0.022173371,0.015826609,0.0096283015,0.0005508239,0.0035766996
2.8883537e-07,0.99742955,0.00071902707,8.781256e-05,0.00022872424,0.0012250628,0.00024812086,6.1468134e-05
3.4048625e-07,0.00047206832,0.00019588644,0.99838567,0.00023775114,0.00014874368,7.5761563e-06,0.0005519614
4.8596456e-07,1.0098616e-06,0.9995654,6.898934e-06,0.00021882897,0.00017166715,3.1235046e-05,4.360645e-06
4.7379046e-07,0.9939997,0.0014303025,0.00074551645,0.0011804696,0.0015657366,0.0009231364,0.00015460856
2.9520555e-07,8.0436286e-05,0.9933002,0.0014692146,0.000603324,0.004417506,8.095027e-05,4.794347e-05
2.7071175e-07,0.9805407,0.0006823491,0.01477045,0.0022731146,0.0011246665,5.804327e-05,0.0005504178
1.1654553e-06,0.97310615,0.013233522,0.0039627017,0.0030437012,0.005579119,0.00026684487,0.0008069283
1.3103234e-07,0.9991844,0.00010478244,0.00016493743,5.191165e-05,0.00044468686,5.623787e-06,4.348236e-05
0.00048411827,0.6693479,0.10977157,0.121353276,0.03207902,0.032802895,0.008057976,0.026103182
7.424252e-07,0.99099755,0.0016655392,0.0030416856,0.0013077237,0.002361202,8.873159e-05,0.0005369222
2.3030261e-06,0.0042456463,0.0024065166,0.9894497,0.0017776468,0.00063035585,6.8140136e-05,0.0014197149
2.111026e-06,0.9770438,0.0029596868,0.0095624905,0.0028259833,0.0062783347,0.00016811318,0.001159349
3.7861598e-06,0.89770156,0.03033797,0.03989935,0.0066973376,0.02084773,0.0012478424,0.0032644859
5.3438976e-06,0.01721902,0.003939566,0.95969856,0.009440646,0.0035921333,0.0004498827,0.0056548472
5.108959e-07,0.98342067,0.005437725,0.0030187394,0.0035259065,0.003972969,4.9273058e-05,0.0005741137
3.4261824e-09,4.4365866e-08,0.9999449,3.6965563e-08,1.427999e-05,3.9822044e-05,7.292104e-07,1.3224904e-07
1.3525806e-06,0.9947877,0.0012893345,0.0013396023,0.0010818371,0.001217328,5.6801797e-05,0.0002260938
6.7997375e-05,0.006611249,0.8642824,0.10140239,0.0031628204,0.018847339,0.0025632188,0.0030625316
3.8456305e-06,0.008441218,0.009353348,0.96978384,0.006952814,0.0019156887,0.00027012604,0.003279064
3.6162447e-08,8.655332e-07,0.99972326,1.5720428e-06,7.412794e-05,0.0001942627,4.7579956e-06,1.1039174e-06
1.0113205e-07,6.6568687e-06,0.9988595,1.3520284e-05,0.00016370151,0.0009176326,3.3032473e-05,5.8563573e-06
8.091751e-06,0.0033361434,0.014219633,0.9703701,0.006305845,0.0026651758,0.00014330201,0.0029517876
1.6782214e-07,0.9912861,0.002957433,0.00012877543,0.0017248834,0.0035776787,0.00019670188,0.00012818679
1.9212512e-06,0.78095007,0.15192586,0.007829138,0.019945158,0.037231274,0.0006324238,0.0014841425
1.9842246e-06,0.98372966,0.0014677593,0.0063612317,0.005296559,0.0023152353,0.00011255467,0.0007150733
4.997738e-06,0.877869,0.02216289,0.04275045,0.0075366683,0.044854484,0.001517288,0.0033042014
9.867808e-06,0.027827363,0.14796627,0.77892774,0.030166375,0.007285332,0.0016758501,0.006141166
8.369498e-09,1.1471064e-05,0.999183,1.2389352e-06,2.4912695e-05,0.0007753839,2.941779e-06,9.69305e-07
9.000595e-06,0.99379325,0.0012050498,0.001574959,0.0012958398,0.001275356,0.00042137798,0.00042515842
3.6903052e-06,0.9547943,0.012907208,0.008606984,0.0058701113,0.01647273,0.0002797062,0.0010652875
3.5647322e-06,0.86994064,0.09444793,0.003678098,0.0073716533,0.022768699,0.0010264163,0.0007629141
3.589872e-07,0.006093419,0.0011590421,0.9893568,0.0009767683,0.0006132891,9.526717e-05,0.001705085
7.876827e-06,0.0017346068,0.9633939,0.0064579262,0.004404929,0.022707926,0.00036201265,0.0009308077
1.4302564e-09,4.1696612e-08,0.9999138,3.6171823e-08,4.3002037e-06,8.146827e-05,1.8660164e-07,7.399841e-08
1.1800797e-05,0.07522256,0.02075836,0.8768242,0.007853825,0.010507109,0.00035062662,0.00847146
0.00020170817,0.20122628,0.15176657,0.5611064,0.052065376,0.01551815,0.0050151492,0.013100329
5.5505475e-06,0.027908832,0.077897534,0.8545154,0.014589924,0.019012265,0.0013270956,0.004743497
1.3230825e-10,7.3495885e-09,0.9999857,2.8126428e-09,1.1958665e-06,1.3046419e-05,3.3574008e-08,8.127948e-09
5.1371724e-10,1.4627027e-08,0.9999722,1.3034856e-08,9.475879e-06,1.8224831e-05,1.6355276e-07,3.407034e-08
7.824399e-10,6.9087825e-08,0.9999515,2.0759364e-08,1.1560075e-05,3.640064e-05,5.0985113e-07,2.8954533e-08
1.7632993e-07,0.9980032,0.00035664072,0.00028362838,0.00016670712,0.0007701328,0.00037825215,4.1340107e-05
8.137765e-06,0.009543373,0.004007681,0.97002304,0.009984748,0.0027347659,0.0004199142,0.003278422
7.650572e-08,2.2857398e-06,0.9994854,7.660864e-07,5.4600336e-05,0.00045008332,4.77077e-06,2.0020752e-06
3.0038997e-08,4.0221776e-06,0.9991696,9.939043e-07,0.00020296485,0.00061495235,6.1095566e-06,1.413964e-06
9.477038e-10,9.26085e-08,0.99994504,1.5188414e-08,6.4832616e-06,4.8193324e-05,1.3985746e-07,4.3746656e-08
1.4648312e-07,1.5021895e-05,0.9989354,2.565506e-06,0.00033183562,0.00069296313,1.5931193e-05,6.039082e-06
2.5636566e-05,0.8581956,0.033213206,0.046077,0.018088173,0.038183916,0.001404622,0.0048119524
4.5983115e-10,1.7698358e-08,0.9999908,1.6387914e-09,1.233356e-06,7.835192e-06,9.936674e-08,1.1748546e-08
3.427826e-07,0.99705374,0.0011418904,0.0004780117,0.0004272607,0.0007712073,4.3698223e-05,8.393591e-05
5.434754e-09,3.9575423e-07,0.99982566,2.862344e-07,2.4582596e-05,0.00014790901,9.822841e-07,2.7788732e-07
4.2243178e-07,0.0005157347,0.00057153445,0.9967691,0.0011809402,0.00036431078,2.3572782e-05,0.00057447323
9.792609e-07,0.98662347,0.0018143259,0.0038349016,0.003588731,0.0034735452,9.4158706e-05,0.0005698352
1.2072854e-06,0.98648703,0.0037755677,0.0005379778,0.0047490774,0.0038970297,0.0001985171,0.00035362545
5.955237e-07,0.9808168,0.005735336,0.0046312213,0.002815205,0.005135442,0.000251602,0.00061381276
3.3849392e-05,0.4919078,0.011978139,0.44038352,0.03575754,0.007471794,0.0031460456,0.0093212705
0.00024376335,0.44229123,0.010009814,0.46528646,0.04056284,0.012933062,0.0048501138,0.023822777
1.1558914e-07,0.99845517,0.00019182762,0.00020849914,0.00016467912,0.0008880092,1.3271218e-05,7.832913e-05
5.9545478e-06,0.06471748,0.008194773,0.9083054,0.00680444,0.0055273483,0.0009918149,0.0054527796
6.200342e-07,0.92926687,0.05737457,0.00036911666,0.0024746098,0.010200794,0.00016853234,0.00014485203
3.1409033e-06,0.9672058,0.003915766,0.018858196,0.0026458432,0.0057627843,0.00029253302,0.0013159598
8.222375e-06,0.04240542,0.02750411,0.90236646,0.012465631,0.007313704,0.00046791855,0.0074685197
4.6683164e-07,0.9737639,0.014208651,0.001922578,0.0036885152,0.0057931887,0.0003284388,0.00029418163
3.3175272e-07,5.212413e-05,0.99848735,3.3607314e-06,0.00037119322,0.0010537435,2.604302e-05,5.893932e-06
5.2626156e-06,0.07080375,0.76668644,0.10198861,0.013192286,0.042246487,0.0012168183,0.0038602476
7.782782e-09,2.1119521e-07,0.99988985,1.8939977e-07,2.7675416e-05,7.8343975e-05,3.4317084e-06,3.235266e-07
1.6509539e-06,0.96025926,0.012948963,0.008595018,0.004382297,0.011845231,0.0005376396,0.0014300229
7.423959e-10,3.615138e-08,0.9999645,9.932106e-09,2.6716855e-06,3.2647953e-05,2.3366309e-07,2.5968433e-08
3.1684128e-06,0.0030846153,0.00092162605,0.9906459,0.0022967793,0.0011193518,0.0001401112,0.001788517
3.0156848e-06,0.011135654,0.02239108,0.94513786,0.010049001,0.005653261,0.00042035396,0.0052097375
8.406795e-09,1.6028822e-07,0.9998584,2.5723213e-07,3.9957482e-05,9.88827e-05,1.897439e-06,4.0565976e-07
0.00017340071,0.10900351,0.66890776,0.07733426,0.051310003,0.072080724,0.008387882,0.012802374
4.0119508e-10,5.5583524e-08,0.99996233,9.283501e-09,1.3208775e-05,2.4110721e-05,1.8377645e-07,2.9989753e-08
1.1823316e-06,0.0011126455,0.0015862569,0.99167925,0.0036187028,0.0004125665,8.409716e-05,0.0015052987
1.8691434e-08,3.4487207e-06,0.99939156,1.3360293e-06,0.00021860756,0.0003787549,4.6478294e-06,1.5716591e-06
3.7698862e-06,0.03555467,0.06588814,0.8651279,0.009412931,0.011473013,0.00065716455,0.011882436
4.4656543e-05,0.31977814,0.013420487,0.62618893,0.0069313883,0.015831228,0.003908412,0.013896749
0.00010688215,0.607874,0.0089802565,0.35158548,0.011002531,0.010547939,0.0037853261,0.006117576
8.441122e-06,0.30602652,0.19654761,0.36869383,0.025721978,0.09383092,0.0013256664,0.007845024
2.4301303e-06,0.94749445,0.0062315105,0.03405966,0.003028218,0.006753492,0.0002135855,0.0022166912
1.357476e-07,0.00051028794,0.00047252935,0.9983943,0.00021657813,0.00017833013,7.57477e-06,0.00022017743
3.49915e-07,0.9821232,0.006963333,0.0011855062,0.001157076,0.0075170975,0.00087896636,0.00017451857
1.5764134e-09,2.5763012e-07,0.99985945,7.779953e-08,1.6600303e-05,0.00012294973,4.7632406e-07,1.531776e-07
2.1164993e-05,0.85255086,0.028779922,0.05682962,0.03225198,0.025641983,0.001799456,0.0021249717
6.0542055e-10,2.1264579e-07,0.99986255,5.322839e-07,2.8445682e-05,0.00010612181,1.850603e-06,1.1912932e-07
2.0643412e-07,0.0007907331,0.0020369005,0.99576074,0.0003755817,0.0002669163,1.5411519e-05,0.0007534873
5.740458e-10,5.4560463e-08,0.9999416,2.0945212e-08,7.2696275e-06,5.0831874e-05,1.3350746e-07,1.1793773e-07
1.0769706e-09,3.716871e-08,0.9999285,1.12519615e-07,2.4737077e-05,4.5973524e-05,4.7235383e-07,1.0459953e-07
7.3028217e-10,7.738608e-09,0.9999846,2.2293567e-09,7.536378e-06,7.5548e-06,2.6248284e-07,1.5511239e-08
2.1583612e-05,0.595243,0.009836723,0.3456254,0.018311614,0.017496731,0.00036033086,0.01310459
6.0827742e-06,0.5494111,0.029486565,0.3933421,0.010330879,0.009632056,0.00080257986,0.006988573
3.175669e-09,6.5961484e-07,0.9998814,3.0341038e-08,3.818237e-06,0.00011318519,7.818969e-07,1.0029416e-07
1.2620409e-06,0.98765856,0.0055149063,0.0034041347,0.0003378689,0.0027070127,0.00013398519,0.00024224221
1.148137e-06,0.9794517,0.00912153,0.0013838364,0.0025081409,0.006909756,0.00040179156,0.00022214466
1.5905596e-06,0.98876685,0.0012625497,0.0050466433,0.0013742009,0.0030568424,0.00016100255,0.00033036966
7.391118e-06,0.80802083,0.00750831,0.14148553,0.022015063,0.016260693,0.0015691034,0.0031330711
1.7487195e-05,0.012836754,0.020897169,0.95131886,0.0068256776,0.0046771322,0.0007984079,0.002628517
1.0473723e-09,5.6549744e-08,0.9999633,5.7494174e-09,1.1181208e-05,2.5046542e-05,4.0570154e-07,2.809107e-08
1.0412146e-05,0.71476084,0.122821614,0.091686346,0.022666741,0.04091623,0.0023514158,0.0047864374
1.858464e-05,0.9883073,0.0016127242,0.0046722256,0.0014949894,0.0015987423,0.0015475679,0.0007478712
1.2832992e-05,0.049626745,0.020850625,0.8733812,0.03441957,0.012564322,0.00085904193,0.0082856035
6.913498e-06,0.010211205,0.022726944,0.95024675,0.005543131,0.00502743,0.00048272836,0.005754832
1.0600317e-08,2.346985e-07,0.99989223,6.8063954e-08,2.713253e-05,7.9288526e-05,7.4247936e-07,2.4603887e-07
8.56658e-08,0.9981571,0.0009646292,3.665954e-05,0.00030599113,0.00046825036,1.4982274e-05,5.229497e-05
1.3789229e-05,0.53560406,0.03866043,0.38708654,0.01721123,0.014626166,0.0007245764,0.006073271
7.702919e-06,0.8173612,0.04712238,0.066485696,0.021053998,0.04105212,0.00082503236,0.006091916
1.7822771e-07,3.824219e-06,0.99934715,5.892505e-07,0.00016745954,0.00046356366,1.5126827e-05,2.1482103e-06
8.132629e-07,0.9797549,0.01335586,0.00069861335,0.0010691053,0.0038984374,0.0008812388,0.00034101933
8.616958e-07,0.9886537,0.0061556734,0.00062462786,0.0010667993,0.0030775492,0.00021416633,0.00020659539
4.1483736e-06,0.7436576,0.15350421,0.013893203,0.051295053,0.033399485,0.0022837818,0.0019624154
5.1039892e-09,4.811306e-06,0.99947864,4.111972e-07,4.1949454e-05,0.00046828671,5.1387715e-06,7.9987024e-07
8.8210373e-07,0.9933976,0.0017737579,0.001971062,0.00085035694,0.0015819367,0.00016245164,0.0002620568
7.376556e-08,0.9991773,8.793723e-05,0.00022311321,8.028009e-05,0.00035634608,1.2600193e-05,6.231826e-05
4.03256e-05,0.2606023,0.4826518,0.1473445,0.024986856,0.06848929,0.0016413289,0.014243478
2.2065105e-06,0.007488162,0.009832748,0.9684083,0.004885233,0.006149088,0.00024564003,0.0029887275
7.637954e-06,0.03172782,0.009058828,0.93356705,0.008994703,0.005434424,0.00060991035,0.010599599
5.157264e-08,0.99861515,0.00019921102,0.0003915452,0.00013756371,0.0005983687,1.9163097e-05,3.9031507e-05
2.5577538e-06,0.7510538,0.009607168,0.22548687,0.005402005,0.005263059,0.00013001323,0.0030544868
1.345392e-09,1.6853871e-08,0.99995995,9.0497025e-08,1.2639609e-05,2.6852716e-05,4.045311e-07,4.4605894e-08
3.162365e-07,9.856052e-05,0.99738604,2.5466481e-05,0.0004675559,0.0019617868,4.068023e-05,1.9627261e-05
8.1095635e-07,0.0020085697,0.00039401095,0.99604577,0.00053700054,0.00021433181,4.974359e-05,0.00074970885
3.6360743e-06,0.0007408136,0.0010644592,0.9931057,0.0023308233,0.0010357329,0.00011943162,0.0015994724
3.8659834e-07,0.9971802,0.0010519727,0.0002608254,0.00035690152,0.0009808617,7.875332e-05,9.0102316e-05
4.90305e-07,0.9884139,0.0020392286,0.00345971,0.0032170068,0.002219144,0.00020358698,0.00044699977
2.5595877e-08,0.99958664,5.1180046e-05,9.099282e-05,4.81276e-05,0.00018675055,4.8380084e-06,3.1519987e-05
3.7137355e-09,1.9041872e-07,0.99985564,7.173669e-08,3.6094123e-06,0.00014005712,2.7670956e-07,2.4479155e-07
4.7898163e-10,5.2678885e-08,0.9999783,3.2071015e-09,2.4214628e-06,1.9144418e-05,1.2014206e-07,1.6157424e-08
1.8260661e-06,0.96942264,0.005700072,0.014410081,0.003080347,0.0061125206,0.00038811233,0.0008844042
8.014456e-08,4.4550457e-06,0.99941826,7.69554e-07,5.6435307e-05,0.00051314733,5.6094873e-06,1.350281e-06
1.893521e-07,0.00016331309,4.8592952e-05,0.99928075,0.00017026663,5.2195657e-05,8.305968e-06,0.00027638004
1.0518266e-06,0.0002984762,0.0009633946,0.9973912,0.00040644297,0.00016429152,1.1461211e-05,0.0007637049
1.3441402e-05,0.048033714,0.03863546,0.8767998,0.015897201,0.012936115,0.0014837398,0.006200465
1.2571037e-07,9.232891e-06,0.99886847,1.6791878e-06,0.00063883903,0.00045535841,2.472224e-05,1.6076693e-06
9.404977e-06,0.9312039,0.0155850435,0.029836414,0.014232277,0.0069971588,0.0005783319,0.0015574746
1.9052042e-06,0.93726355,0.045796957,0.0014262969,0.005807296,0.008537907,0.00084549823,0.0003206069
3.8372043e-05,0.2782391,0.15492176,0.45519677,0.021276075,0.07196962,0.0054859943,0.01287229
1.05280105e-05,0.5432782,0.052794494,0.32299408,0.04917597,0.019945122,0.002555957,0.009245576
9.287305e-07,0.9829851,0.00688196,0.0005837898,0.004167924,0.0045565893,0.0006407685,0.000182927
6.3913445e-05,0.9341173,0.04421449,0.0063403402,0.004301045,0.007836028,0.0019854014,0.0011414567
9.808599e-05,0.01379312,0.00420842,0.97052056,0.004995235,0.0016096345,0.00090272987,0.0038722814
1.2360872e-06,0.9760443,0.0044970927,0.009552849,0.0050961287,0.003985847,0.0002710895,0.0005515799
7.762863e-05,0.94444823,0.01671832,0.016259616,0.009379764,0.008180091,0.0028947848,0.0020415075
1.1921753e-06,0.9659118,0.016191497,0.007715935,0.002403267,0.0068160356,0.00019807373,0.0007621726
1.2173846e-05,0.8281635,0.07833355,0.056098394,0.007461369,0.025889948,0.001054226,0.0029867955
0.00013681436,0.77942735,0.011523078,0.17650068,0.009327586,0.0080636535,0.005890792,0.009130061
8.631114e-07,0.0006148983,0.0029404731,0.9935954,0.0015827959,0.0003414844,9.625536e-05,0.00082791515
2.8423985e-06,0.92718226,0.05632706,0.0045877774,0.0053325947,0.005101944,0.0009338924,0.00053171435
1.642988e-06,0.97504574,0.00701031,0.004077759,0.006164395,0.006296518,0.0004492346,0.0009543422
5.274583e-10,3.5152222e-08,0.9999676,1.0833652e-08,8.276501e-06,2.2900564e-05,1.1348104e-06,3.347097e-08
2.9724403e-10,7.618738e-09,0.99999094,2.90594e-09,2.4625979e-06,6.372859e-06,1.2794351e-07,8.0230675e-09
8.124192e-07,0.005729305,0.9764683,0.0065237503,0.0024382148,0.00827379,0.0001442887,0.00042145024
4.3216687e-08,4.88036e-06,0.9996126,1.039956e-06,6.4815984e-05,0.00030545203,1.0179705e-05,1.0916225e-06
3.9196875e-06,0.016213235,0.7139937,0.23783958,0.009047443,0.019940028,0.0003551089,0.0026069658
6.5119757e-06,0.08526332,0.8743961,0.0025485973,0.0022783796,0.033580538,0.0013322486,0.00059430406
1.0562291e-07,3.355723e-05,0.9993005,1.9729619e-06,7.2352945e-05,0.00056128023,2.6792633e-05,3.5077487e-06
1.0614075e-06,0.9858813,0.004817125,0.0026084108,0.001559881,0.0046838135,0.00010205471,0.0003463712
9.029081e-06,0.6174779,0.008360803,0.33273423,0.021696271,0.010617917,0.0010486882,0.008055258
2.7685723e-05,0.5724003,0.22043076,0.1465802,0.029873028,0.019644443,0.0009387972,0.010104853
3.9692281e-07,0.9883901,0.0024967187,0.0042467355,0.0021171349,0.0022427586,0.00015829138,0.00034791394
7.5451084e-07,0.9809748,0.0038076388,0.009543039,0.0010213294,0.0037416618,0.00020206784,0.00070874905
9.452587e-06,0.936692,0.029679388,0.009740251,0.010921632,0.010274822,0.0018001765,0.0008822531
1.7425308e-10,4.5325972e-08,0.9999695,7.07126e-09,1.0831149e-05,1.9417299e-05,1.6449744e-07,2.4556874e-08
1.9934618e-10,1.6376875e-08,0.9999745,5.4103246e-09,1.5299453e-06,2.3827295e-05,6.809527e-08,1.3873315e-08
0.00043991744,0.17611268,0.057473663,0.6630142,0.05596781,0.014307229,0.0047275876,0.02795689
1.3556263e-07,9.531309e-05,0.9985165,6.579774e-05,0.00023490157,0.001067542,1.140689e-05,8.291466e-06
1.3733054e-05,0.010803085,0.07655674,0.879284,0.012468961,0.0131640835,0.0002942126,0.007415231
2.4143555e-05,0.12035408,0.086230405,0.7275013,0.022221437,0.033496466,0.0014486983,0.008723527
0.0002997387,0.80811185,0.027095608,0.102439046,0.026554681,0.01229707,0.0046361876,0.018565884
1.2250002e-05,0.98308796,0.007898324,0.0019148526,0.0028193754,0.0030867115,0.0005633725,0.00061712245
3.977214e-06,0.9507992,0.024352003,0.002903944,0.0050072116,0.015450591,0.00086667197,0.0006163499
2.195017e-06,0.00034945417,0.003342193,0.99400216,0.0009303891,0.0005656622,1.8445886e-05,0.0007894815
1.6236261e-07,0.99930286,0.00014564584,7.603186e-05,9.34148e-05,0.00033707867,8.4280755e-06,3.6361314e-05
2.0574907e-05,0.7891638,0.035078954,0.13469361,0.014232549,0.018954717,0.0018752087,0.0059804977
0.0003476415,0.3564283,0.050463524,0.4837024,0.055635285,0.025809042,0.004489675,0.023124065
6.762912e-06,0.8594596,0.011691051,0.10356226,0.013606111,0.008154701,0.00055372436,0.0029658424
2.9146597e-07,5.4374035e-05,0.99280965,0.0015725069,0.00056844606,0.0048380275,3.91085e-05,0.00011771558
2.2447935e-05,0.07690855,0.7966428,0.039956167,0.011881046,0.072056115,0.000937296,0.0015955602
2.857652e-06,0.569419,0.3263729,0.042066734,0.02405547,0.034249846,0.0011591562,0.002674009
9.902436e-07,0.9936655,0.0007371872,0.0022770988,0.0007484142,0.0021071457,0.00018064996,0.00028297552
2.3953066e-07,0.9963928,0.0012024826,0.00036297532,0.0009802264,0.0009259799,4.146894e-05,9.384295e-05
9.745268e-07,0.9894601,0.0009772485,0.004460003,0.002591504,0.0017033818,0.0001404746,0.00066630455
2.857244e-05,0.20856245,0.20312752,0.4594491,0.08422233,0.029117402,0.003965941,0.011526736
9.29456e-05,0.028689671,0.07585588,0.82129174,0.040424142,0.01848139,0.004730796,0.010433549
9.2033207e-07,0.0029700838,0.9681428,0.02012561,0.0030054497,0.0050173155,0.00034799482,0.00038987436
1.0776452e-06,0.9813711,0.0058959783,0.0017856311,0.0036352274,0.006791752,0.00015838638,0.00036092362
4.495108e-06,0.9485633,0.032110423,0.0012831177,0.004941574,0.012353688,0.00034683268,0.00039652432
1.7207753e-08,5.5236825e-07,0.9997874,2.7986255e-07,0.00010317993,0.000103632585,4.2952665e-06,6.0311646e-07
4.7163397e-07,0.9947626,0.0026778702,0.00020224064,0.00064930256,0.001441735,6.751749e-05,0.0001981656
0.00014481472,0.9172194,0.0072496496,0.04796091,0.00780971,0.0072079385,0.0032292372,0.009178375
9.488333e-07,0.9740794,0.011634712,0.006217554,0.0032439101,0.004325131,0.00012751728,0.00037082
4.2925197e-07,0.9883343,0.0008669322,0.0070957746,0.00073696015,0.0024866855,0.00011266632,0.00036627176
1.0672806e-06,0.00017648075,0.0036919743,0.99322814,0.001167853,0.0006740807,6.426715e-05,0.0009961165
4.7441686e-06,0.01803111,0.03196137,0.93160146,0.007728032,0.0068418565,0.00032557134,0.0035057906
0.00062768674,0.13190347,0.042576063,0.70868367,0.08192468,0.013555745,0.008163882,0.012564827
1.0173257e-05,0.010048142,0.037543565,0.938058,0.0055061057,0.003964124,0.0005914218,0.004278386
2.1891605e-10,6.450721e-09,0.9999882,2.9595582e-09,2.1834812e-06,9.5333435e-06,1.2912002e-07,1.1062695e-08
7.6072325e-07,0.9964185,0.00052112935,0.0019988923,0.00016092062,0.00070365705,3.535102e-05,0.00016084897
6.5344943e-06,0.0371374,0.008895134,0.9183931,0.022391064,0.0049118227,0.000819569,0.007445389
2.8286768e-06,0.9777484,0.0054838364,0.0038626888,0.002385702,0.009381175,0.0005875776,0.0005477666
1.7471823e-05,0.8673593,0.03546551,0.03563068,0.027937885,0.026783561,0.0016797761,0.0051258844
4.274976e-06,0.9793553,0.013040453,0.0018794934,0.0020845332,0.0031228336,0.00027541423,0.00023770533
8.5048464e-07,0.96699286,0.003934412,0.0128286,0.007025123,0.007598755,0.00023544638,0.0013839686
1.4414526e-06,0.98844993,0.005017147,0.0013847409,0.0014001844,0.0033822444,0.00013793555,0.00022637259
3.9041246e-09,5.3805213e-08,0.999928,6.350272e-08,1.6152984e-05,5.4520897e-05,9.713785e-07,1.7644372e-07
2.3142486e-07,0.9951957,0.00034783673,0.0014095767,0.0008709671,0.0018558431,7.125764e-05,0.00024865384
2.5547884e-09,1.0853715e-06,0.9997607,5.2443685e-08,1.5760626e-05,0.00022102697,1.2176702e-06,1.7837459e-07
1.1548678e-07,4.3114933e-06,0.999201,5.995039e-06,0.00015672724,0.0006038652,2.202594e-05,5.9752897e-06
8.49353e-10,8.8905814e-08,0.99992645,3.82019e-08,7.709258e-06,6.446258e-05,1.1997513e-06,4.7467104e-08
0.00043605626,0.01792808,0.062371783,0.8524157,0.03735891,0.0109262,0.00131528,0.017248072
9.306687e-08,1.6850443e-06,0.999542,1.2295219e-06,0.00017093842,0.0002723117,9.428875e-06,2.3555579e-06
2.3077417e-05,0.07644318,0.32831016,0.5279024,0.028464736,0.026537938,0.002360025,0.009958365
1.4387462e-06,0.98453945,0.002919806,0.0043049976,0.0026777654,0.004955568,0.00016440748,0.00043656994
3.0008013e-07,0.9967744,0.0005425581,0.0011405487,0.0004200298,0.000861844,2.7543547e-05,0.00023282939
5.2056293e-07,0.99149346,0.0026098802,0.0013554111,0.0018507246,0.0022399032,0.00013298607,0.00031703952
2.165789e-06,0.018262994,0.9298329,0.014055068,0.0052397284,0.031009315,0.0005589392,0.0010389478
2.713507e-07,0.0017739682,0.0015033922,0.99215573,0.0028478226,0.00049619586,6.421117e-05,0.001158522
7.862273e-07,1.6009e-05,0.9982876,5.3864358e-05,0.0003489996,0.0012156077,5.764502e-05,1.9565688e-05
4.966082e-09,5.6016347e-07,0.99990225,5.027461e-08,1.1175281e-05,8.504669e-05,7.554354e-07,1.1869109e-07
4.5647466e-06,0.96999544,0.0035784123,0.011137562,0.007077453,0.006191498,0.0008785956,0.0011363655
1.7654476e-06,0.98939764,0.0028551829,0.0015490802,0.0022643346,0.0032340826,0.00014763267,0.00055021077
2.16868e-05,0.7957069,0.08002885,0.093479924,0.0071229055,0.016930457,0.0006833152,0.0060259267
2.5825791e-08,1.293288e-06,0.9996636,3.276665e-07,8.715454e-05,0.00024203639,4.784069e-06,7.5716616e-07
4.812013e-06,0.044882867,0.025989903,0.90119696,0.009225269,0.012658774,0.00091485365,0.005126542
1.0054559e-09,5.5274697e-08,0.9999602,1.0381094e-08,5.9635536e-06,3.349322e-05,1.8995361e-07,4.1604565e-08
1.4852346e-06,0.0037652813,0.9664894,0.010097858,0.0026269872,0.016174555,0.0001467167,0.00069770927
3.8246303e-06,0.8927189,0.015754923,0.070999,0.0063451566,0.011775554,0.00059794803,0.0018048324
5.118926e-07,0.99085665,0.0019199364,0.0013558076,0.002192357,0.003400818,0.000100967896,0.00017304378
1.3359145e-06,0.97624433,0.0037090185,0.0120429015,0.0035247486,0.0035347145,0.00021121431,0.000731749
2.1308534e-07,0.99741805,0.0006978539,0.00037905094,0.0006756018,0.0006380979,0.000104671846,8.6433494e-05
3.8401995e-06,0.049595255,0.013719581,0.90334344,0.024680013,0.004216502,0.0003830054,0.004058323
4.162508e-07,0.9917795,0.0012001328,0.0012902968,0.003822604,0.0014943287,4.9949715e-05,0.00036278318
1.3359145e-06,0.97624433,0.0037090185,0.0120429015,0.0035247486,0.0035347145,0.00021121431,0.000731749
1.2136119e-09,3.019107e-08,0.9999676,2.564762e-08,7.544757e-06,2.4543659e-05,2.2687507e-07,4.3686523e-08
1.4752144e-06,0.9462358,0.008452947,0.03352225,0.0007478623,0.0093222335,0.00020307349,0.0015143149
3.833565e-06,0.005220692,0.010226558,0.9650723,0.0080705425,0.005414809,0.0017584667,0.0042329286
4.436498e-08,6.4283504e-06,0.9991129,1.2088861e-06,6.707649e-05,0.0007993619,1.167182e-05,1.2409885e-06
1.965674e-06,0.8288314,0.017308239,0.12850803,0.002823448,0.017900674,0.00034925263,0.004276985
3.0262368e-06,0.0062218867,0.0031625398,0.9854755,0.0022159107,0.0012997009,0.00012970493,0.0014916266
3.57604e-07,0.9962553,0.0019482295,2.414435e-05,0.0008443509,0.0008687698,2.7524267e-05,3.1331434e-05
1.5813747e-07,3.3709428e-05,0.9979786,0.00012391778,8.0053665e-05,0.0017608826,1.269838e-05,9.989854e-06
5.8898595e-06,0.0024786524,0.0021631275,0.98953027,0.0019743326,0.0010225184,9.0969945e-05,0.0027341717
1.1348651e-07,0.99839056,0.00017686322,0.0005014542,0.00023963895,0.0005962998,2.6048247e-05,6.914474e-05
1.491513e-06,0.9951959,0.0014861382,0.00025528547,0.000824688,0.0020014737,6.809135e-05,0.00016686559
2.176364e-09,1.0971085e-07,0.9999349,5.5657956e-08,1.3510054e-05,5.0853643e-05,5.2536404e-07,1.4171314e-07
9.216513e-08,0.9990736,9.767838e-05,0.0002348272,0.00011760607,0.00041495025,1.0461353e-05,5.077821e-05
1.8961726e-05,0.0046371515,0.01031935,0.9540573,0.01821414,0.0049514505,0.00067388744,0.007127815
9.56975e-06,0.951313,0.022529509,0.0032241223,0.007347655,0.01349158,0.0011425813,0.00094189995
1.8242872e-07,1.0908131e-05,0.99808156,8.166245e-06,0.00041217398,0.0014321338,4.7105805e-05,7.786952e-06
1.513365e-09,5.0677027e-08,0.9999573,1.5808535e-08,5.0207477e-06,3.718913e-05,3.516472e-07,4.0136722e-08
4.4807994e-06,0.5723949,0.033442885,0.016896298,0.35311568,0.020393472,0.0010191919,0.0027329798
3.4875316e-05,0.98829854,0.0021989066,0.0015077147,0.00134211,0.0014359328,0.004679301,0.0005027154
1.9398642e-05,0.08158104,0.10928556,0.74929756,0.024894275,0.027846718,0.0022334517,0.004842001
2.0353891e-05,0.03137685,0.35329175,0.5636148,0.01180014,0.026277382,0.0027451157,0.010873557
1.6255407e-06,0.9928463,0.002849688,0.0003966415,0.0016696437,0.0014102337,0.00061401055,0.00021185768
1.0734197e-05,0.76914763,0.048379965,0.08397874,0.06395459,0.027591519,0.0021393101,0.00479758
2.8405046e-07,0.99830186,0.00019902452,0.00015282503,0.00060220377,0.0006015405,8.248043e-05,5.9675935e-05
2.171311e-07,0.99711204,0.0011191181,0.00014516668,0.00051217614,0.0008564295,0.00021595,3.885019e-05
1.2567302e-05,0.85663205,0.034861002,0.016954796,0.008218641,0.07877201,0.0013119701,0.0032370093
1.1273593e-05,0.91036785,0.042498387,0.024360556,0.009793948,0.009872864,0.0010915536,0.0020036153
6.355622e-06,0.88352305,0.0544794,0.020584831,0.00482114,0.030493785,0.0007537404,0.005337704
1.9365827e-06,0.0035630933,0.003045226,0.98621726,0.0025703886,0.0015762704,0.0002815584,0.0027442642
4.9679347e-08,1.6121741e-06,0.9994203,8.02892e-07,0.00022268255,0.0003409027,1.2118747e-05,1.568452e-06
2.2946801e-07,0.9981669,0.00028427533,0.00058271963,0.00032809412,0.0005474053,2.8509348e-05,6.187093e-05
1.1590598e-05,0.010732999,0.2427323,0.6929858,0.017474383,0.021467462,0.001032949,0.0135626355
1.1977803e-08,1.8181231e-06,0.99970335,2.4009606e-07,3.1333402e-05,0.00026056106,2.2233364e-06,3.9758126e-07
1.7416866e-08,1.9780705e-06,0.9993181,1.4459731e-06,0.00010398767,0.00056904927,4.1150083e-06,1.2103942e-06
5.0385283e-06,0.6514713,0.13162138,0.019231709,0.170381,0.024111534,0.001141429,0.002036579
5.6592114e-07,0.9926877,0.00082299556,0.0019346421,0.0018089671,0.0022851115,8.597183e-05,0.0003741176
9.790825e-07,0.003107248,0.983256,9.2883856e-05,0.002979191,0.010393337,9.3594324e-05,7.691638e-05
7.7869545e-06,0.72280514,0.20470046,0.009431998,0.018768772,0.04074733,0.0006351595,0.0029033585
1.042199e-06,0.99101865,0.0015335829,0.0021754752,0.0015953676,0.0030173685,0.000113537,0.0005450576
8.4418133e-07,0.9849594,0.0044987686,0.0015334056,0.0026938566,0.005866406,0.00011560102,0.00033178955
2.5646024e-08,8.730778e-06,0.99833506,1.1915681e-05,0.0004236052,0.0012039532,1.0327762e-05,6.374258e-06
1.1278263e-05,0.45057508,0.06323118,0.37581268,0.044945132,0.049692042,0.0018002104,0.01393238
8.752199e-07,0.001320936,0.000493378,0.9957963,0.0015841129,0.00012573178,8.52877e-05,0.0005932639
1.43620085e-08,5.12521e-06,0.99924326,2.417246e-07,0.00010639941,0.0006406666,3.3481992e-06,1.031106e-06
7.150807e-06,0.9440566,0.004609818,0.044340435,0.0019961447,0.0028693115,0.0010662937,0.0010542177
8.495639e-07,0.9850258,0.0049008094,0.0033909802,0.002766669,0.0034074124,0.00015941514,0.0003480564
2.62656e-07,8.152428e-05,0.00010133358,0.9991223,0.00023851247,5.828601e-05,9.6075055e-06,0.0003881632
2.6534675e-05,0.008548793,0.00852772,0.9610027,0.008389084,0.0039535062,0.001994063,0.0075575877
9.23567e-10,1.8705425e-08,0.99996614,1.045711e-08,1.4723949e-05,1.8654291e-05,3.0179442e-07,3.727675e-08
2.4434408e-05,0.6235203,0.03343225,0.24787258,0.051090375,0.028895395,0.0020947629,0.013069886
9.387793e-08,2.1879428e-06,0.9995005,7.132195e-07,0.00012512488,0.00036138072,9.214861e-06,8.159885e-07
3.727702e-07,0.9946979,0.0007727438,0.0015169559,0.0010529745,0.0016577753,5.1437382e-05,0.00024975408
0.0002917383,0.08104824,0.07029939,0.7261893,0.09205646,0.009242941,0.0018532975,0.019018622
2.4215763e-06,0.0014809174,0.97309476,0.0059704655,0.004238164,0.014006377,0.00017034652,0.0010366015
2.0621133e-06,0.93589747,0.015720606,0.004173286,0.036791064,0.0057521057,0.00096249516,0.0007008749
8.3377796e-07,0.9895951,0.0017052186,0.0019906112,0.0010530262,0.005245092,8.331763e-05,0.00032679236
5.07416e-07,0.9911247,0.0009342191,0.0030389805,0.0020168023,0.002502947,6.335779e-05,0.00031855883
5.680615e-06,0.96011263,0.013263675,0.009874589,0.0050404193,0.008724468,0.00035112991,0.00262733
1.9681052e-05,0.24453312,0.045813937,0.63912374,0.033898428,0.024726441,0.002179367,0.009705219
2.4123963e-06,0.9828639,0.005110478,0.001301795,0.0059735724,0.0040719346,0.000160703,0.00051517144
1.376934e-05,0.0702226,0.1713856,0.7080435,0.025959205,0.012629338,0.0013671832,0.010378703
6.5584874e-07,0.00037774528,0.98776114,0.0012394823,0.0013077878,0.008923307,0.0002815171,0.000108321816
2.5329883e-09,1.1890193e-08,0.99998,5.8693598e-08,5.020914e-06,1.4390765e-05,4.7348362e-07,4.3183203e-08
1.8959748e-06,0.94995016,0.020790327,0.01224105,0.0062702326,0.009172272,0.0004195031,0.0011545559
2.807947e-10,4.3267954e-09,0.9999918,1.7923799e-09,1.129405e-06,7.154293e-06,5.3034977e-08,7.924054e-09
8.7635155e-10,2.3485832e-08,0.9999498,9.58913e-09,7.1515915e-06,4.2750085e-05,2.0127301e-07,6.8199775e-08
1.2608994e-08,2.2164556e-06,0.9997222,3.0343165e-07,8.719822e-05,0.00018404755,3.5055327e-06,5.2762147e-07
2.234271e-06,0.9617678,0.006050131,0.018712444,0.0041298186,0.007842293,0.0001553745,0.001339939
1.771324e-06,0.019130357,0.05238182,0.9092485,0.0025716724,0.012594125,0.00019854393,0.0038732456
1.0456728e-05,0.0007056918,0.9872442,0.00080905616,0.0020770119,0.0083716875,0.0005952277,0.00018663233
3.0439847e-07,8.9989335e-05,0.98625875,0.006877133,0.0019131744,0.0043326053,0.00022587228,0.00030213952
1.0184142e-07,0.99947065,3.5916244e-05,8.7036475e-05,0.00014777135,0.00019662254,1.3004305e-05,4.894098e-05
7.096059e-06,0.9528385,0.0033617262,0.022416672,0.011926649,0.006490563,0.00045750177,0.002501286
9.849659e-10,2.0419003e-08,0.999974,2.543771e-08,7.443527e-06,1.814334e-05,3.791471e-07,5.0471826e-08
2.1319153e-09,5.5039795e-08,0.9999472,2.1597309e-08,1.7622244e-05,3.4467063e-05,6.430274e-07,7.824045e-08
4.1905682e-07,8.038946e-05,0.9957599,0.00027263464,0.00036590372,0.003426818,3.370236e-05,6.0225746e-05
9.7103786e-08,1.0933119e-06,0.9993882,3.3425174e-06,0.00021941807,0.00037332764,1.2044929e-05,2.4274998e-06
2.2400343e-06,0.0914311,0.8010569,0.047764096,0.01723402,0.04011655,0.000623294,0.0017717183
2.8403808e-06,0.9661856,0.00406465,0.01906481,0.0043998375,0.0049770316,0.0005663966,0.0007387094
4.277716e-05,0.677618,0.29337433,0.0003458588,0.0060214275,0.019413868,0.002565982,0.00061774504
2.120826e-09,6.6475695e-07,0.99990284,2.8426012e-08,2.4214176e-05,7.1530194e-05,5.6557843e-07,8.063985e-08
3.3577983e-06,0.0012318282,0.007503731,0.98647016,0.0019221251,0.0014069382,8.333754e-05,0.0013784176
1.32876705e-08,2.5198753e-07,0.9997707,3.0621945e-07,9.489635e-05,0.00013247512,7.9844074e-07,6.174057e-07
1.027463e-06,0.98627335,0.0026270777,0.0011030588,0.0061670453,0.0030688145,7.535441e-05,0.00068427867
3.2129404e-07,0.9981035,0.00046991772,7.029543e-05,0.00034069878,0.00093066925,3.86822e-05,4.578584e-05
5.2220375e-06,0.40839016,0.01064391,0.54210603,0.019295285,0.012598399,0.0005581279,0.006402811
1.6332737e-05,0.5204442,0.027934687,0.3622469,0.04283626,0.026178228,0.0006978317,0.019645592
2.6314701e-05,0.592291,0.035223663,0.28388238,0.046404406,0.016328922,0.00030041303,0.025542961
2.7132307e-06,0.96879053,0.003853709,0.011489529,0.0052326685,0.009419051,0.00024085188,0.0009708909
1.518246e-06,0.9687047,0.002693836,0.020770209,0.003238866,0.0035904527,0.0001490857,0.00085134985
2.4700397e-09,9.798818e-08,0.99989617,1.405034e-07,2.7012917e-05,7.48482e-05,1.4689335e-06,2.3338033e-07
1.1967701e-06,0.0039606495,0.95280176,0.030429406,0.0018764248,0.010241722,0.0003200445,0.00036867228
6.7291444e-06,0.96816975,0.008565867,0.006835048,0.0024681226,0.010834334,0.0010660607,0.0020541325
1.2454791e-06,0.9906199,0.0010779192,0.0032632956,0.0014286456,0.003040502,0.00017797109,0.00039057666
1.7942033e-06,0.9869283,0.002308033,0.00626246,0.001227729,0.0023525886,0.0002036652,0.000715544
3.457354e-08,3.1989878e-06,0.9992607,3.7757349e-07,0.00017977961,0.00054924516,4.9239534e-06,1.7251881e-06
1.424471e-07,9.351527e-06,0.9991159,1.8781791e-06,0.00037815294,0.0004831431,6.4281735e-06,5.0626472e-06
8.987144e-06,0.8251053,0.06612216,0.07356532,0.0041331802,0.026524302,0.00033053377,0.004210168
2.9176446e-05,0.67722476,0.08647493,0.16069393,0.0160546,0.046871684,0.00089814473,0.011752901
0.00053691835,0.11220565,0.021594102,0.7905402,0.0256273,0.019365188,0.003078484,0.027052142
7.0408914e-06,0.39659503,0.027609123,0.55040663,0.009160719,0.011359177,0.0005831843,0.0042790556
1.6933583e-08,1.8737103e-06,0.99980515,2.3644559e-07,4.6999914e-05,0.00014423976,1.2192279e-06,3.4100387e-07
3.6331966e-07,0.9967752,0.0014091914,0.0002022249,0.00062694645,0.0008507055,3.6267094e-05,9.9165314e-05
1.3432378e-06,0.94188905,0.01481848,0.026393544,0.007109622,0.007908561,0.00020961667,0.0016697403
9.7603925e-06,0.35771286,0.013046862,0.59687793,0.02112832,0.005064545,0.000563815,0.005595877
2.3724556e-07,0.9990976,0.00017939851,5.2961466e-05,8.288538e-05,0.00049974315,1.3302942e-05,7.3840034e-05
0.00014907366,0.67239505,0.039087676,0.16017085,0.08570453,0.02412426,0.0014111677,0.016957477
1.2465562e-06,0.978592,0.0047820327,0.0030621665,0.0030754798,0.009276571,0.00012599977,0.0010845432
3.6292414e-07,0.9989525,0.00015496826,0.00043940285,6.448638e-05,0.00031552714,1.8873274e-05,5.3899355e-05
2.7055014e-06,0.004318908,0.0018959604,0.9846311,0.0036656822,0.0006698984,4.5166275e-05,0.0047705667
3.3976555e-06,0.013186975,0.001988646,0.977375,0.00361522,0.0015873214,0.00016556752,0.0020778219
2.7824435e-06,0.0010563746,0.00045999093,0.9934735,0.0023491473,0.00050607184,2.8979686e-05,0.0021231188
5.1297806e-09,2.2129565e-07,0.9999013,3.043037e-08,2.2213213e-05,7.580053e-05,2.6603132e-07,2.9111078e-07
2.0817106e-06,0.99194217,0.0027707743,0.0009144327,0.0011512926,0.0027759927,9.955519e-05,0.0003437913
1.1022827e-05,0.70989466,0.034965053,0.1836056,0.027399456,0.03334534,0.00037824645,0.010400578
6.089319e-05,0.86555773,0.0756963,0.007017105,0.020703617,0.025108758,0.0018134131,0.004042168
2.3090666e-05,0.06738529,0.04704125,0.8397544,0.010801086,0.024395179,0.0007394526,0.0098603135
8.204564e-10,1.0725355e-08,0.9999765,4.928958e-09,5.806312e-06,1.749481e-05,1.236079e-07,5.014599e-08
2.6531457e-06,0.99570626,0.00044045085,0.0012405178,0.00075326534,0.000997953,0.0005705604,0.00028826113
6.120248e-06,0.9061663,0.009128301,0.061227303,0.010806647,0.009837904,0.0013127347,0.0015146633
1.7610975e-07,0.99480164,0.00038887185,0.00037931322,0.002722471,0.0014765079,4.2580115e-05,0.00018839545
8.041004e-06,0.8923321,0.039276514,0.009141754,0.037766486,0.017949823,0.001155976,0.0023693382
1.8092823e-06,0.9595117,0.01227,0.013486481,0.0025736224,0.010637603,0.0005770493,0.00094175106
1.0329021e-07,0.9986607,0.00017582453,6.433108e-05,0.00013470858,0.0008342705,1.466652e-05,0.00011541944
6.900493e-06,0.22571227,0.5881316,0.044382054,0.039920088,0.090406515,0.0011731196,0.010267404
1.4807746e-06,0.9877765,0.00072451343,0.0049550715,0.0036791125,0.0015852667,0.00010566162,0.0011723789
2.7204086e-08,2.8639324e-06,0.99956745,1.9611364e-06,0.000110010515,0.00031198387,3.1145826e-06,2.613157e-06
2.3811956e-06,0.9745986,0.005361675,0.0030417629,0.010763796,0.004939628,0.00031498368,0.0009771555
2.0521368e-06,0.028544856,0.0015361721,0.9615669,0.0030324108,0.0018355921,0.0001597223,0.0033222686
6.665228e-05,0.95442855,0.0061110337,0.020256862,0.0055158595,0.005993073,0.001506404,0.006121624
2.8883627e-05,0.6441691,0.031054433,0.2530474,0.03706251,0.020514596,0.00090724643,0.013215717
4.3406774e-07,0.994395,0.0012254332,0.0009794345,0.0018450837,0.0013320021,2.3756547e-05,0.00019879412
9.283977e-07,0.9744095,0.009434802,0.002554291,0.002011217,0.010541044,0.00017987935,0.0008683197
1.1336975e-05,0.06580718,0.022641059,0.88267,0.015680218,0.0061454386,0.00026471526,0.0067800684
2.6039203e-08,0.9995447,4.642851e-05,2.6349173e-05,6.958999e-05,0.00028336598,6.830354e-06,2.2693448e-05
3.80017e-06,0.9675766,0.0017583293,0.022066876,0.003834171,0.0026646664,0.00043699876,0.0016584316
1.6955357e-06,0.050916567,0.003868414,0.9363827,0.0023307675,0.0025037136,7.5703836e-05,0.003920428
4.78795e-06,0.8700326,0.04728899,0.02815746,0.022448055,0.024322487,0.0012655319,0.006480045
2.628833e-07,0.99100596,0.003498754,0.0008646926,0.0013549972,0.0029999237,7.864497e-05,0.00019664122
8.180751e-06,0.8006941,0.016178302,0.1450129,0.013439507,0.017607864,0.0005342885,0.006524846
1.2025816e-06,0.00017511482,0.9847525,0.0042398246,0.0017823222,0.0085669365,8.993463e-05,0.0003921829
5.2393934e-10,1.247946e-08,0.99997604,5.281899e-09,3.5386422e-06,2.0058884e-05,2.074799e-07,3.4007364e-08
8.242207e-08,9.776081e-06,0.9989612,1.2155181e-06,0.00014235928,0.0008729945,4.018552e-06,8.332527e-06
0.00013647399,0.11418211,0.05733273,0.6626267,0.111909956,0.020404257,0.0013328618,0.032074895
5.7048353e-05,0.6569809,0.14244162,0.1212361,0.026042977,0.04639943,0.0016626322,0.0051793316
9.608257e-07,0.97466654,0.001294874,0.018804181,0.0012282311,0.003318282,7.5767945e-05,0.0006111968
2.1698388e-06,0.96329844,0.008570916,0.009110547,0.007125173,0.009352466,0.0001699187,0.002370454
5.5480473e-06,0.7651835,0.06929004,0.090329595,0.029478066,0.042001884,0.0005034436,0.0032079474
9.7075e-07,0.99631774,0.0004845624,0.00046616688,0.0004442358,0.0020893584,5.1262858e-05,0.00014564235
5.3692706e-06,0.0703996,0.014750254,0.89472073,0.0059494823,0.004968476,0.0004982274,0.008707844
2.7528433e-06,0.97208554,0.012328421,0.00029735177,0.0033833084,0.010543428,0.0010975896,0.00026166282
2.943973e-06,0.98056626,0.006916052,0.0026643863,0.0026989446,0.0058308053,0.0003547332,0.00096583215
1.2870983e-06,0.98774046,0.005642814,0.0011517527,0.0023782067,0.0021607312,0.0002417746,0.00068298203
1.3065263e-05,0.96010387,0.006042636,0.02145923,0.003343207,0.005940983,0.00023936566,0.0028577005
5.78935e-08,0.9994935,3.6874582e-05,0.00023817933,2.2596252e-05,0.00017867226,6.014744e-06,2.4034784e-05
3.9904903e-06,0.03510391,0.90104926,0.012036536,0.010689927,0.038522534,0.0005450417,0.002048884
9.509635e-10,2.6398519e-08,0.99992645,9.85856e-08,2.2746455e-05,5.0255963e-05,3.7016474e-07,5.6664373e-08
1.7275887e-06,0.9772512,0.0018532141,0.012688664,0.0048843245,0.0016777621,0.0002678461,0.0013752466
4.1537436e-09,7.247129e-08,0.99994993,9.848187e-09,7.594267e-06,4.2144267e-05,1.4239521e-07,1.0046856e-07
1.754391e-06,0.99542195,0.00085179653,0.0005897589,0.00039492268,0.0022655728,0.00018469545,0.0002895811
5.0153285e-06,0.9346758,0.024372669,0.02724223,0.0035806333,0.0078286305,0.00018507674,0.0021098708
1.5533111e-06,0.98707086,0.0013731377,0.0055239224,0.002608811,0.0022703547,0.0001643872,0.0009868435
4.4558126e-07,0.9958525,0.00055612775,0.0010206201,0.00029433845,0.0018599987,0.00021744073,0.00019857465
1.1003315e-05,0.86614174,0.038256,0.02922721,0.03512174,0.026028056,0.0010694356,0.004144782
5.5008678e-09,5.8276436e-07,0.9998914,4.8546305e-08,1.8699133e-05,8.826054e-05,5.7273394e-07,3.344623e-07
1.5478381e-05,0.0139469225,0.9333592,0.019274263,0.0035786512,0.028266562,0.00053993805,0.0010189769
1.0129183e-06,0.9716101,0.014013752,0.0027094723,0.0031711627,0.007426815,0.00024055333,0.0008270961
3.8112214e-06,0.9082322,0.020370727,0.0434944,0.011613387,0.01313402,0.00052708713,0.0026244153
4.825843e-06,0.9182185,0.04123652,0.001846121,0.012357765,0.023187969,0.0011652648,0.0019831767
1.6543967e-06,0.9546131,0.010070739,0.013119141,0.010611486,0.008650116,0.00038005304,0.002553745
5.559346e-10,2.0994174e-08,0.99998,4.325399e-09,2.8565503e-06,1.6986132e-05,1.2631463e-07,1.3183856e-08
3.0553565e-07,1.0792177e-05,0.99901474,2.3514142e-06,0.00036753356,0.0005862392,1.5282532e-05,2.7203619e-06
6.0580774e-08,1.2284947e-06,0.9993243,2.814113e-06,0.00021733776,0.00044603468,4.5215243e-06,3.6653732e-06
4.5526312e-07,0.99154633,0.0013403259,0.001971139,0.001993838,0.0025883722,0.00013363585,0.00042592792
5.3652798e-09,3.9766644e-07,0.99976593,1.5477063e-07,1.1389066e-05,0.00022004133,1.7075869e-06,3.1123042e-07
1.17236446e-07,1.2416937e-06,0.999734,4.142691e-06,7.1076356e-05,0.00014728823,3.955991e-05,2.5703844e-06
5.542632e-06,0.1421319,0.42200905,0.3489778,0.024080522,0.054432403,0.00090309995,0.007459718
1.0692414e-05,0.9904597,0.0013836597,0.0013737852,0.0037048594,0.0019749396,0.0005093184,0.000583048
7.789362e-10,2.3904049e-08,0.9999305,2.6548948e-08,1.1089854e-05,5.812696e-05,2.4458888e-07,4.2396866e-08
1.8618297e-06,0.98351467,0.0003411661,0.013344785,0.0011640777,0.0009896868,6.273955e-05,0.00058103976
1.3955903e-06,2.3604776e-05,0.99632543,1.2792942e-05,0.0012173717,0.0023586215,3.5591976e-05,2.5215686e-05
4.9129656e-09,1.2307085e-07,0.99990046,3.5917385e-08,4.750081e-05,5.1020063e-05,7.224609e-07,1.2683388e-07
4.164243e-06,0.41048747,0.4722355,0.017727451,0.0067657027,0.09040503,0.00058163283,0.0017930636
3.1541358e-06,0.9731406,0.0021587121,0.015190769,0.0052886764,0.00197987,0.0002143239,0.0020238806
3.2587166e-06,0.0015884633,0.79155195,0.18799093,0.004263557,0.013490554,0.00021355806,0.00089781656
3.848944e-05,0.94697803,0.03458647,0.0021628037,0.0032503032,0.009995983,0.0017076216,0.001280315
3.4429468e-05,0.0011384414,0.97725075,0.0052972366,0.0027397755,0.012424716,0.0003952852,0.00071948796
1.227842e-07,0.00043159706,0.99643636,7.775591e-06,0.00026701897,0.0028190885,2.5553894e-05,1.2475764e-05
1.4060176e-06,0.9880409,0.0008993319,0.005211217,0.0028523894,0.0018403751,0.00021982903,0.0009345443
1.1473729e-05,0.2998128,0.09525366,0.51550335,0.03771582,0.029059442,0.0010107451,0.0216327
2.6712828e-06,0.020818215,0.047898117,0.0021543768,0.0017951985,0.9246908,0.0006202224,0.002020289
8.63884e-06,0.62482417,0.33477136,0.007962504,0.0068802764,0.019847725,0.0025165493,0.003188735
1.47960145e-05,0.005240098,0.96396065,0.0028488738,0.0073264525,0.018900964,0.0008143065,0.00089389476
1.1332846e-06,0.95591563,0.018662786,0.006638189,0.006841707,0.010566399,0.0006281555,0.0007459855
1.916006e-05,0.94298154,0.0069111134,0.02922912,0.0056804963,0.009592364,0.0008063429,0.0047799414
6.777578e-05,0.6158509,0.045935135,0.25133857,0.05157022,0.020288242,0.0013604186,0.013588695
5.2996334e-06,0.00893823,0.0015397395,0.97944504,0.0037163717,0.0020550734,0.00013316462,0.0041670655
3.5821427e-06,0.03279906,0.9117663,0.0033786015,0.0037988015,0.047514036,0.00026306525,0.00047671597
3.0538818e-06,0.94892293,0.009299135,0.017625293,0.008499384,0.012840903,0.0005769183,0.0022324042
2.5147045e-08,2.396735e-06,0.99957305,7.4955994e-07,4.7495676e-05,0.00035794204,1.7710334e-05,5.6222865e-07
3.018731e-05,0.16545247,0.025680728,0.7474404,0.020477004,0.01882208,0.0028473,0.019249868
6.74723e-07,0.9927706,0.0005804868,0.0017056355,0.0026214928,0.001663082,0.000104787985,0.0005531993
3.053855e-08,5.294983e-06,0.99921024,4.3424448e-06,0.00011332148,0.00065563334,9.191843e-06,1.9145364e-06
0.00016810762,0.8797578,0.016649233,0.06939836,0.012601252,0.0068931384,0.0057314723,0.008800595
8.761796e-09,3.135388e-07,0.9998827,2.1038859e-07,6.976372e-05,4.5449746e-05,1.2861332e-06,2.2891302e-07
3.2389294e-06,0.99173135,0.00036381464,0.0022571536,0.002090636,0.0013016724,0.00030440773,0.0019478528
4.3590776e-06,0.9878221,0.002583385,0.0022827848,0.004181451,0.0021359923,4.1303854e-05,0.00094855967
1.3106504e-06,0.94983196,0.03681693,0.0011199511,0.0051294076,0.006539234,0.00018883322,0.00037241136
1.2342617e-08,4.7096268e-07,0.9997856,6.572517e-07,2.7429674e-05,0.00018250916,2.6996654e-06,6.0408706e-07
3.3142437e-06,0.974584,0.014045845,0.0033881408,0.0016874635,0.00499604,0.00054100325,0.00075416843
2.0756397e-05,0.49183536,0.027270798,0.40256128,0.022126544,0.033633832,0.0016995412,0.02085198
6.145591e-09,2.3458882e-07,0.9998406,9.7396914e-08,1.81266e-05,0.00013977014,9.0929177e-07,1.3707647e-07
1.6482348e-06,0.0025326463,0.0025726731,0.9881025,0.0030082902,0.001170444,6.594087e-05,0.0025458052
1.4383656e-05,0.8526852,0.06182882,0.028915403,0.008839931,0.040038116,0.0010770776,0.006600968
6.490084e-06,0.034124248,0.8198703,0.057765286,0.0053114393,0.07937968,0.000636339,0.0029062198
1.1067492e-06,0.9933193,0.0006092738,0.0026690117,0.0011919802,0.0015523492,5.62189e-05,0.0006006679
7.7531895e-06,0.06091307,0.055090133,0.8135722,0.02714328,0.028965656,0.00036094058,0.013946875
4.90636e-07,0.9934297,0.0010979723,0.0011760042,0.0006275699,0.0031017999,6.220329e-05,0.0005042339
1.2425337e-09,7.4044024e-08,0.9999465,2.3812778e-08,7.922854e-06,4.4826258e-05,6.357737e-07,1.1025754e-07
6.05877e-07,0.0018500732,0.96124727,0.020523716,0.002146416,0.013282757,0.0001319988,0.0008170573
1.2184112e-06,0.9663342,0.006516122,0.007942282,0.0024220108,0.014952902,0.00021104242,0.0016202632
1.9589386e-07,0.0005174736,0.99650913,1.1113093e-05,0.00073727965,0.0021632873,5.065212e-05,1.0872619e-05
2.817761e-07,0.9952034,0.0002380271,0.0028096281,0.00033577703,0.0011573619,6.2555075e-05,0.00019307336
1.8411196e-06,0.37830326,0.57375824,0.005519521,0.014331266,0.026497718,0.0006049351,0.0009833113
1.108322e-06,0.9943305,0.0017180268,0.0013059922,0.0005522641,0.0017601975,0.00014362996,0.00018827696
5.078308e-06,0.9752491,0.001813809,0.01655956,0.0015148966,0.0025923352,0.00013196388,0.0021331708
2.1351088e-09,4.747015e-08,0.99992955,1.1576193e-07,8.070949e-06,6.1399165e-05,6.699362e-07,8.153208e-08
2.3092054e-05,0.024694879,0.021289956,0.9320826,0.014779346,0.0039437623,0.0005465259,0.0026398427
5.675124e-08,1.1443563e-05,0.99949,7.4422906e-07,8.003914e-05,0.0004102317,5.323325e-06,2.0743712e-06
4.8744283e-07,0.0004912118,0.9951557,0.00013765114,0.0029628794,0.0011676549,5.3058564e-05,3.1304342e-05
1.2915666e-06,0.98917526,0.001328498,0.0042977524,0.001599074,0.0026970648,0.00018751528,0.00071352365
1.6606473e-05,0.9112811,0.003755641,0.04180585,0.024613073,0.013051905,0.0007383436,0.0047373627
1.7266145e-06,0.9810476,0.011345349,0.00041072987,0.0023263209,0.0046380223,0.00010323409,0.00012714429
4.5138253e-09,1.4287906e-06,0.99960035,3.897259e-07,2.9549254e-05,0.0003640318,3.7786988e-06,4.0966935e-07
5.6827854e-09,1.8983977e-08,0.999964,4.7635226e-08,9.054988e-06,2.6306761e-05,5.1502894e-07,5.794661e-08
9.0337675e-09,1.7217472e-07,0.99985945,1.09174884e-07,3.361547e-05,0.0001059516,5.149098e-07,2.1550265e-07
9.835563e-07,0.009324468,0.9659531,0.0033984624,0.009368595,0.0113152135,0.00026853787,0.00037065858
4.0634575e-07,0.98980904,0.0031460426,0.0019987798,0.001806996,0.0027011323,8.35e-05,0.00045404417
7.474341e-09,3.7768575e-07,0.9997714,1.3934596e-07,3.4814755e-05,0.00019088313,2.0568177e-06,3.0416166e-07
3.1858697e-08,5.0764925e-07,0.9997501,1.1866098e-06,4.929911e-05,0.00019543247,2.802288e-06,6.0040884e-07
1.13713395e-05,0.0032233149,0.0043091625,0.9806622,0.0076308013,0.0013742943,0.0004960017,0.0022928412
6.913321e-09,3.9454925e-08,0.99995446,3.165205e-08,9.163709e-06,3.5810543e-05,3.1244875e-07,1.0254639e-07
6.718393e-06,0.5914558,0.27809337,0.051364716,0.01951284,0.051016007,0.0035773609,0.0049732337
5.77652e-06,0.82433057,0.021859631,0.10018482,0.02300901,0.024432795,0.00060403015,0.0055733416
1.4456342e-07,0.9965084,0.00032324763,0.0010589506,0.00088122557,0.001038385,5.86678e-05,0.00013098179
5.6105637e-10,4.9041745e-08,0.99993813,1.44194425e-08,7.816248e-06,5.3527114e-05,3.205019e-07,3.0927527e-08
1.5751162e-06,0.9797111,0.001867458,0.013861904,0.00076037453,0.003070069,7.938452e-05,0.0006480551
1.0435655e-09,1.735609e-08,0.99996316,1.8327558e-08,1.0153882e-05,2.656419e-05,1.384554e-07,4.240852e-08
2.7306461e-07,0.9978607,0.00033708388,0.0011165182,0.00012481754,0.00041073095,8.712892e-06,0.00014108601
6.095446e-07,0.00072765164,0.0001380796,0.99743867,0.0005806769,0.00020812149,7.266731e-06,0.0008989155
9.562722e-06,0.9350655,0.03343918,0.002646675,0.008088193,0.017658371,0.0017861888,0.001306383
1.9382983e-06,0.9882683,0.0009388131,0.003513819,0.0029143684,0.0035630031,0.0002300066,0.0005698079
1.010264e-06,0.98523176,0.002093742,0.0025276905,0.004373872,0.0048723645,0.00016526943,0.0007343182
9.0808035e-06,0.90741265,0.016927311,0.036596186,0.017383741,0.018352862,0.00042372046,0.002894352
1.4384775e-06,0.00047644146,0.0012569709,0.9965365,0.0003901592,0.0004186324,7.59006e-05,0.00084390043
3.7663633e-06,0.9482351,0.006048862,0.02024663,0.0041603562,0.018205235,0.0008114107,0.002288614
4.2867664e-06,0.008713179,0.009102533,0.96931356,0.007847027,0.0019434305,0.0006433235,0.0024326718
4.6647656e-06,0.8124731,0.02132685,0.1139576,0.023750193,0.022308445,0.0008806608,0.0052985153
9.0541425e-07,0.00084935105,0.0021269305,0.9948101,0.00068640057,0.00078750344,8.0737766e-05,0.0006580038
0.0002962191,0.5014593,0.025316084,0.42153436,0.02505052,0.009916533,0.0043860776,0.012040831
3.4424042e-06,0.05980223,0.03555969,0.8812367,0.0078646485,0.009202684,0.0010959915,0.0052346434
1.9041395e-06,0.93619317,0.012539589,0.032706063,0.0068768803,0.009657467,0.00045088094,0.001574084
2.0046368e-06,0.9658771,0.005604181,0.016117275,0.0037941597,0.0058171875,0.0004101602,0.0023778696
1.3166868e-05,0.002849014,0.0133824,0.9702157,0.005655619,0.0034148397,0.00038492808,0.004084408
9.733492e-05,0.003896378,0.007691944,0.9749287,0.0069198553,0.0013722793,0.0008387327,0.0042548506
2.7426124e-05,0.013218737,0.0041925027,0.97447205,0.0026729703,0.0016497354,0.0004843834,0.0032822865
4.641005e-06,0.044267476,0.015022146,0.91399294,0.0107042575,0.0120539535,0.00034936395,0.0036052237
8.992412e-06,0.0639349,0.002825735,0.9235829,0.0052996757,0.0024996642,0.00026950313,0.0015785849
3.88528e-07,0.9828247,0.006846639,0.0014548316,0.00284178,0.0054485295,0.00034078275,0.00024242951
4.828604e-07,0.9950806,0.0009726438,0.00080884394,0.0010520694,0.0017503415,0.00014675932,0.00018817799
6.9787725e-06,0.9259601,0.019156875,0.017668799,0.011723654,0.022406194,0.00052297366,0.0025543654
1.1531262e-06,0.94291526,0.017376617,0.012238538,0.0068262024,0.018449828,0.000991591,0.0012008
6.530703e-07,0.97998685,0.005670598,0.001929102,0.0049520344,0.00665268,0.0001481115,0.0006600489
8.5885813e-07,0.0047507207,0.005540786,0.98259395,0.005243047,0.0005209154,0.00011325862,0.0012365269
4.9211512e-06,0.00072781456,0.0010455522,0.995666,0.0011187715,0.00055864395,0.00012781702,0.0007504168
4.1793282e-07,0.9950971,0.000601834,0.0011946729,0.0015717859,0.0012181508,7.78489e-05,0.0002382108
5.844175e-06,0.9503152,0.010960773,0.022127984,0.003914775,0.010428822,0.00027350744,0.0019731054
1.686181e-06,0.98128015,0.00012356888,0.0146962125,0.0024126878,0.0008241399,0.00016687026,0.00049478066
6.6196196e-07,0.9943456,0.00054263516,0.0029006053,0.0007833203,0.0010754417,0.00012368505,0.00022799638
1.4240801e-06,0.0020233854,0.0007217115,0.99575007,0.00039140458,0.00043386992,4.0795134e-05,0.00063729787
9.032552e-06,0.9566677,0.009531975,0.013028658,0.010871032,0.007847057,0.00050485804,0.0015397571
1.0240332e-06,0.98930943,0.00067450147,0.0051969327,0.0014843284,0.0020644842,0.00014949568,0.0011197292
1.3106737e-06,0.9912213,0.00056503806,0.0036707362,0.0013490388,0.0023584783,0.000451855,0.0003821278
1.6518015e-05,0.4631325,0.021525411,0.4493676,0.032928005,0.018663866,0.0038463362,0.010519708
8.029053e-05,0.9773776,0.005029084,0.004132764,0.0017225377,0.007186045,0.0016243823,0.0028473719
1.3785389e-06,0.9088182,0.043787077,0.020374103,0.007119558,0.016566457,0.001380205,0.0019530755
1.3857666e-08,1.0087413e-07,0.99986446,3.8114217e-07,3.413827e-05,9.87493e-05,1.7110157e-06,4.5415382e-07
2.6980628e-08,2.0721924e-05,0.9990502,9.511784e-06,0.00018230936,0.0007205698,1.3017195e-05,3.6505485e-06
1.6754148e-06,0.9652282,0.0020422237,0.02287454,0.004415867,0.004230049,0.00031245517,0.00089492893
1.982922e-05,0.49177355,0.030540483,0.39216638,0.011908944,0.03964358,0.0017262734,0.032220997
7.390068e-08,4.708074e-06,0.9990695,1.9368157e-05,0.00014927088,0.0007372013,1.5737838e-05,4.165414e-06
5.9571835e-07,0.98693323,0.0013227782,0.006302226,0.002708875,0.0023428085,0.000108305256,0.00028121113
3.4996006e-05,0.928513,0.007814838,0.038043223,0.0046814,0.013424921,0.003168609,0.004318983
2.2478573e-06,0.9853099,0.00139918,0.0052198945,0.0033813566,0.0038838624,0.0002474606,0.0005561209
5.6504023e-06,0.9251693,0.034876477,0.013574792,0.013376467,0.010138143,0.0008935709,0.0019655654
3.7730726e-06,0.97801363,0.0040083854,0.008574372,0.0031152724,0.004094802,0.00059512886,0.0015945722
9.789469e-05,0.01599463,0.016190294,0.94474316,0.01367694,0.0036377753,0.0012906021,0.0043686787
4.012638e-06,0.9293845,0.0033791238,0.051849872,0.006002489,0.0069318917,0.00020815348,0.0022399735
1.773266e-05,0.79019135,0.044069055,0.10255608,0.029500153,0.028401578,0.0027192037,0.0025448692
1.0376512e-05,0.6188154,0.012646994,0.3527453,0.0036178634,0.008638453,0.0003724581,0.0031531663
1.9275165e-06,0.9878386,0.0012901303,0.0045948555,0.0022158313,0.0032375664,0.00018581719,0.0006352106
8.6939434e-07,0.9881462,0.0046979953,0.0011923051,0.0028954123,0.0027621381,8.116687e-05,0.0002240166
5.425754e-06,0.9141871,0.020311732,0.018573368,0.02871975,0.015593481,0.00064260664,0.0019665365
2.4524608e-05,0.60908383,0.013087065,0.35306185,0.008837431,0.011064175,0.0008221526,0.0040189778
1.5448606e-09,4.1485684e-08,0.9999292,3.696075e-08,8.895923e-06,6.121416e-05,4.824645e-07,7.453457e-08
3.2836356e-06,0.9458793,0.011332369,0.017593846,0.009058198,0.014014656,0.00056831987,0.001550032
7.9966054e-07,0.0005085406,0.00041180887,0.9971547,0.00080358435,0.0002657279,4.0442825e-05,0.0008143178
1.900349e-06,0.947148,0.026076961,0.0031471255,0.0119549595,0.010473989,0.00066740223,0.0005296685
2.360947e-07,0.00018023468,0.9954389,6.788373e-05,0.0011489397,0.0031134845,2.2351698e-05,2.8094351e-05
3.2313958e-09,1.3773351e-08,0.9999757,1.8310072e-08,3.8149938e-06,2.0119936e-05,3.5764134e-07,4.2756103e-08
2.599485e-09,1.7645331e-07,0.9998851,1.1383147e-07,7.939416e-06,0.00010581477,6.4351383e-07,2.089546e-07
1.983499e-08,6.4099834e-07,0.99981755,2.6434705e-07,2.7140259e-05,0.00015079626,2.6995688e-06,8.19908e-07
8.924014e-10,6.18373e-08,0.9999634,1.13198775e-08,5.6253484e-06,3.057456e-05,3.6751211e-07,2.6399796e-08
1.4511079e-06,0.9783684,0.0025429525,0.010492222,0.0026829008,0.004735057,0.00037246716,0.0008044466
7.994899e-06,0.8522681,0.0062031974,0.11179154,0.013721441,0.013133308,0.00039416403,0.0024802652
5.2208816e-07,5.015781e-05,0.9977842,2.3615656e-05,0.0007845654,0.0012774791,6.330476e-05,1.6308644e-05
2.3945543e-06,0.9800306,0.0027464817,0.007280625,0.0046603973,0.0041337884,0.0002501178,0.0008956389
2.9747587e-09,1.3014525e-07,0.99990606,3.7148176e-08,2.0697846e-05,7.222728e-05,7.537442e-07,1.3025513e-07
3.19713e-05,0.9796785,0.0013313406,0.0055640223,0.0044530155,0.004239569,0.0026925888,0.0020089345
5.58453e-07,0.0010136823,0.005849282,0.99049604,0.0011310648,0.00062192103,0.00012722307,0.00076033856
3.0511505e-06,0.9759452,0.010872404,0.0018836051,0.0050879824,0.00549451,0.00017914566,0.00053418125
1.3277608e-05,0.12725456,0.12302979,0.6845808,0.02060585,0.0335597,0.001138188,0.009817906
3.018467e-06,0.9955112,0.00046284727,0.0013924737,0.0007932608,0.0013876535,0.00020040225,0.00024912198
1.021607e-06,0.9887687,0.003735485,0.0013447284,0.0023903262,0.003228495,0.00024260172,0.00028861637
0.0001227925,0.7703757,0.041405838,0.13598901,0.017664758,0.021330649,0.0043774997,0.008733805
2.0812564e-05,0.9832609,0.0030256298,0.008906229,0.0010343104,0.0020300345,0.0007570584,0.0009650672
3.347566e-05,0.9625735,0.002677072,0.014288444,0.006103331,0.010449339,0.0007700576,0.0031046376
6.487946e-10,3.6674361e-09,0.9999826,9.55543e-09,5.669529e-06,1.1398543e-05,2.8497212e-07,2.7470618e-08
6.9584786e-07,0.008438081,0.0034796195,0.98363596,0.0019135937,0.0013846965,0.000115923394,0.0010313903
1.5393367e-09,1.3593496e-08,0.99994254,7.629396e-08,1.994116e-05,3.7090573e-05,3.2085165e-07,6.612938e-08
2.9330272e-06,0.99326855,0.0004184497,0.0019391748,0.0015912693,0.002065965,0.00020287096,0.0005107664
1.1827062e-06,0.97983164,0.0011588617,0.011744956,0.003704245,0.0027885637,0.00016524183,0.00060529937
8.1747875e-10,3.5600074e-08,0.9999646,1.6134535e-08,5.3741187e-06,2.9669518e-05,2.2430181e-07,2.8884033e-08
5.0665844e-06,0.004910674,0.015892167,0.9637203,0.009805215,0.0028045524,0.00027585425,0.002586172
4.67696e-09,1.607296e-07,0.99990165,1.1474651e-07,3.649521e-05,6.0727598e-05,6.157037e-07,2.7057254e-07
1.016437e-09,8.721355e-09,0.9999734,8.259513e-09,4.709899e-06,2.162825e-05,1.07158606e-07,2.9169133e-08
2.1683328e-09,6.357839e-08,0.9998963,1.9566701e-07,2.5628178e-05,7.69332e-05,7.5623603e-07,2.1210569e-07
3.4850632e-07,0.00051685516,0.0005768659,0.997735,0.00036527225,0.00015551015,1.3338791e-05,0.0006368174
7.366778e-07,0.99341995,0.0020076735,0.0010627705,0.0011799617,0.0020741546,4.1694486e-05,0.00021299656
1.6344426e-09,1.027837e-07,0.9999143,2.6087614e-08,1.4590732e-05,7.066125e-05,3.5232657e-07,6.8839945e-08
1.8920028e-09,2.3196575e-08,0.9999567,1.0282003e-07,7.5506923e-06,3.512723e-05,4.9322136e-07,7.916408e-08
1.933196e-09,4.6562977e-08,0.9999423,3.477137e-08,6.8769564e-06,5.0394985e-05,2.496658e-07,6.787315e-08
2.2458275e-05,0.009287894,0.041595146,0.9219448,0.017875893,0.002149713,0.00069041416,0.0064336895
2.4034234e-08,1.8171602e-06,0.999741,3.711161e-07,5.708697e-05,0.00019677929,2.1327376e-06,7.4710573e-07
6.5592562e-09,9.246974e-07,0.9997135,3.0467007e-07,8.4674175e-05,0.00019766671,2.544644e-06,3.7348542e-07
4.721977e-06,0.9866468,0.0033223848,0.0010478639,0.0033023118,0.0047534355,0.0002683808,0.00065417925
3.1694555e-10,1.3920246e-08,0.9999871,4.907472e-09,1.5863951e-06,1.11775935e-05,1.4801e-07,7.689691e-09
3.2550613e-06,0.065665066,0.035792306,0.866077,0.011538049,0.009447671,0.0004657105,0.011011054
3.6563251e-06,0.96137387,0.0029077788,0.022859622,0.0067914417,0.004099937,0.00029834406,0.0016652788
1.4070076e-09,1.3652073e-07,0.99986935,2.2798558e-07,6.3275875e-06,0.00012334614,4.5787345e-07,8.369614e-08
1.3328637e-09,9.887759e-08,0.99993694,4.7761578e-08,1.3526247e-05,4.908509e-05,2.6989088e-07,8.608726e-08
1.4747256e-05,0.0407312,0.021278286,0.909142,0.011673815,0.008578899,0.0008707713,0.007710201
9.757522e-07,0.9901688,0.0011268975,0.004073655,0.0025545324,0.001673064,0.00013927229,0.000262817
0.00010221757,0.9559883,0.020243868,0.0015786018,0.012400554,0.0044288435,0.0014492518,0.0038083782
3.1946767e-09,9.209837e-09,0.99997044,3.520365e-08,7.5335474e-06,2.1870843e-05,6.264846e-08,3.9615497e-08
3.3019494e-09,9.852636e-08,0.9999013,1.1834444e-07,2.7126593e-05,7.018872e-05,8.963876e-07,2.0755205e-07
2.554972e-09,1.5254486e-07,0.9998859,4.7270213e-08,1.2881412e-05,0.00010028041,6.1888886e-07,1.2159455e-07
2.1316044e-09,4.545686e-08,0.9998872,1.4427107e-07,2.3692506e-05,8.7435394e-05,1.0199494e-06,3.1180062e-07
1.5854948e-09,2.8208236e-08,0.99993503,4.0457714e-08,2.0145017e-05,4.4241657e-05,5.199139e-07,9.176377e-08
6.8775926e-06,0.059854247,0.013151666,0.91071314,0.0058908216,0.0035642479,0.00032644352,0.006492507
4.5433912e-06,0.0028334158,0.004099431,0.9870546,0.0024437944,0.001333184,0.0002293196,0.0020017088
1.6114103e-09,1.4616927e-08,0.9999701,1.8537856e-08,7.935654e-06,2.1352445e-05,4.5151594e-07,3.830908e-08
6.02918e-10,1.0100159e-08,0.9999757,6.0632956e-09,2.228337e-06,2.1917602e-05,1.2576645e-07,1.2271413e-08
4.2390487e-09,2.2716245e-08,0.9999484,2.7038735e-07,1.43043835e-05,3.6549893e-05,3.2343357e-07,1.2221601e-07
2.1429603e-09,3.1328156e-08,0.9999609,2.6408946e-08,9.136298e-06,2.9518245e-05,2.4971257e-07,5.5798118e-08
7.622086e-10,3.300746e-08,0.99986625,2.5323402e-07,1.12413845e-05,0.00012132905,6.673496e-07,2.3032695e-07
1.3821709e-09,2.1325673e-07,0.99985325,7.0190325e-08,1.7261264e-05,0.00012855152,4.3104518e-07,1.2433627e-07
3.565032e-06,0.9943737,0.0009404377,0.0019021422,0.00039182234,0.001918792,0.00022098265,0.00024859517
1.7992868e-09,1.5686245e-08,0.9999697,3.3544282e-08,4.8877823e-06,2.4909068e-05,3.440455e-07,4.841519e-08
1.2843555e-08,1.010954e-06,0.99974996,5.6725384e-07,4.829396e-05,0.00019819927,1.1911403e-06,7.835961e-07
1.4179084e-06,0.002391214,0.0012575896,0.99282175,0.0013729394,0.0007764612,3.3611537e-05,0.001344945
5.5876712e-06,0.07405859,0.03489231,0.8596861,0.017337212,0.007466945,0.0020442687,0.0045090313
2.8470984e-10,4.888593e-09,0.99997985,1.9670805e-08,2.4401559e-06,1.7610757e-05,1.1636758e-07,1.1393322e-08
3.1913294e-09,1.1654311e-06,0.99979573,2.5335436e-07,2.3215358e-05,0.00017677297,2.3503164e-06,4.692696e-07
3.0731817e-07,0.9953418,0.0006533991,0.0009218126,0.0008205675,0.002012012,6.030659e-05,0.00018982908
0.00070794567,0.651828,0.08249038,0.2052668,0.015615632,0.027831264,0.00591277,0.010347208
2.772645e-07,0.9970626,0.0006904491,0.00081960653,0.00077203946,0.0005112036,7.8601326e-05,6.512353e-05
3.0107879e-06,0.974002,0.002390324,0.013311486,0.0037835552,0.004604384,0.00053096574,0.0013742186
